250801_181126,GPS_GS : $GPRMC,,V,,,,,,,,,,N*53
250801_181126,GPS_GS : $GPGGA,,,,,,0,00,99.99,,,,,,*48
250801_181127,GPS_GS : $GPRMC,,V,,,,,,,,,,N*53
250801_181127,GPS_GS : $GPGGA,,,,,,0,00,99.99,,,,,,*48
250801_181128,GPS_GS : $GPRMC,,V,,,,,,,,,,N*53
250801_181128,GPS_GS : $GPGGA,,,,,,0,00,99.99,,,,,,*48
250801_181129,GPS_GS : $GPRMC,,V,,,,,,,,,,N*53
250801_181129,GPS_GS : $GPGGA,,,,,,0,00,99.99,,,,,,*48
250801_181137,GPS_GS : $GPRMC,,V,,,,,,,,,,N*53
250801_181137,GPS_GS : $GPGGA,,,,,,0,00,99.99,,ìK‰ù‰‰‰‰)ÊrÊÊbÊÊrÊÊbÊÊrÊÊRš‚j (2E)
250801_181138,GPS_GS : $GPRMC,,V,,,,,,,,,,N*53
250801_181138,GPS_GS : $GPGGA,,,,,,0,00,99.99,,,,,,*48
250801_181139,GPS_GS : $GPRMC,,V,,,,,,,,,,N*53
250801_181139,GPS_GS : $GPGGA,,,,,,0,00,99.99,,,,,,*48
250801_181140,GPS_GS : $GPRMC,,V,,,,,,,,,,N*53
250801_181140,GPS_GS : $GPGGA,,,,,,0,00,99.99,,,,,,*48
250801_181141,GPS_GS : $GPRMC,,V,,,,,,,,,,N*53
250801_181141,GPS_GS : $GPGGA,,,,,,0,00,99.99,,,,,,*48
250801_181142,GPS_GS : $GPRMC,,V,,,,,,,,,,N*53
250801_181142,GPS_GS : $GPGGA,,,,,,0,00,99.99,,,,,,*48
250801_181143,GPS_GS : $GPRMC,,V,,,,,,,,,,N*53
250801_181143,GPS_GS : $GPGGA,,,,,,0,00,99.99,,,,,,*48
250801_181144,GPS_GS : $GPRMC,,V,,,,,,,,,,N*53
250801_181144,GPS_GS : $GPGGA,,,,,,0,00,99.99,,,,,,*48
250801_181145,GPS_GS : $GPRMC,,V,,,,,,,,,,N*53
250801_181145,GPS_GS : $GPGGA,,,,,,0,00,99.99,,,,,,*48
250801_181146,GPS_GS : $GPRMC,,V,,,,,,,,,,N*53
250801_181146,GPS_GS : $GPGGA,,,,,,0,00,99.99,,,,,,*48
250801_181147,GPS_GS : $GPRMC,,V,,,,,,,,,,N*53
250801_181147,GPS_GS : $GPGGA,,,,,,0,00,99.99,,,,,,*48
250801_181148,GPS_GS : $GPRMC,,V,,,,,,,,,,N*53
250801_181148,GPS_GS : $GPGGA,,,,,,0,00,99.99,,,,,,*48
250801_181149,GPS_GS : $GPRMC,,V,,,,,,,,,,N*53
250801_181149,GPS_GS : $GPGGA,,,,,,0,00,99.99,,,,,,*48
250801_181150,GPS_GS : $GPRMC,,V,,,,,,,,,,N*53
250801_181150,GPS_GS : $GPGGA,,,,,,0,00,99.99,,,,,,*48
250801_181151,GPS_GS : $GPRMC,,V,,,,,,,,,,N*53
250801_181151,GPS_GS : $GPGGA,,,,,,0,00,99.99,,,,,,*48
250801_181152,GPS_GS : $GPRMC,,V,,,,,,,,,,N*53
250801_181152,GPS_GS : $GPGGA,,,,,,0,00,99.99,,,,,,*48
250801_181157,GPS_GS : $GPRMC,,V,,,,,,,,,,N*53
250801_181201,GPS_GS : $GPRMC,,V,,,,,,,,,,N*53
250801_181201,GPS_GS : $GPGGA,,,,,,0,00,99.99,,,,,,*48
250801_181202,GPS_GS : $GPRMC,,V,,,,,,,,,,N*53
250801_181202,GPS_GS : $GPGGA,,,,,,0,00,99.99,,,,,,*48
250801_181204,GPS_GS : $GPRMC,,V,,,,,,,,,,N*53
250801_181204,GPS_GS : $GPGGA,,,,,,0,00,99.99,,,,,,*48
250801_181206,GPS_GS : $GPRMC,,V,,,,,,,,,,N*53
250801_181206,GPS_GS : $GPGGA,,,,,,0,00,99.99,,,,,,*48
250801_181207,GPS_GS : $GPRMC,,V,,,,,,,,,,N*53
250801_181207,GPS_GS : $GPGGA,,,,,,0,00,99.99,,,,,,*48
250801_181208,GPS_GS : $GPRMC,,V,,,,,,,,,,N*53
250801_181208,GPS_GS : $GPGGA,,,,,,0,00,99.99,,,,,,*48
250801_181209,GPS_GS : $GPRMC,,V,,,,,,,,,,N*53
250801_181209,GPS_GS : $GPGGA,,,,,,0,00,99.99,,,,,,*48
250801_181210,GPS_GS : $GPRMC,,V,,,,,,,,,,N*53
250801_181210,GPS_GS : $GPGGA,,,,,,0,00,99.99,,,,,,*48
250801_181212,GPS_GS : $GPRMC,,V,,,,,,,,,,N*53
250801_181212,GPS_GS : $GPGGA,,,,,,0,00,99.99,,,,,,*48
250801_181213,GPS_GS : $GPRMC,,V,,,,,,,,,,N*53
250801_181213,GPS_GS : $GPGGA,,,,,,0,00,99.99,,,,,,*48
250801_181214,GPS_GS : $GPRMC,,V,,,,,,,,,,N*53
250801_181214,GPS_GS : $GPGGA,,,,,,0,00,99.99,,,,,,*48ÿPTÿLLù&	êª	aµG70xx   00070000 *77
250801_181214,GPS_GS : $GPRMC,,V,,,,,,,,,,N*53
250801_181214,GPS_GS : $GPGGA,,,,,,0,00,99.99,,,,,,*48
250801_181215,GPS_GS : $GPGGA,,,,,,0,00,99.99,,,,,,*48
250801_181216,GPS_GS : $GPRMC,,V,,,,,,,,,,N*53
250801_181217,GPS_GS : $GPGGA,,,,,,0,00,99.99,,,,<ÿ¹ÿÿÿ2,LLC FFFFFFFF-FFFFFFED-FFFFFFFF-FFFFFFFF-ÊbÊÊrÊÊbÊÊrÊÊRš‚j (5B)
250801_181217,GPS_GS : $GPRMC,,V,,,,,,,,,,N*53
250801_181218,GPS_GS : $GPRMC,,V,,,ü–‰‰‰‰ÉJ©šj (81)
250801_181220,GPS_GS : $GPRMC,,V,,,,,,,,,,N*53
250801_181220,GPS_GS : $GPGGA,,,,,,0,00,99.99,,,,,,*48
250801_181221,GPS_GS : $GPRMC,,V,,,,,,,,,,N*53
250801_181221,GPS_GS : $GPGGA,,,,,,0,00,99.99,,,,,,*48
250801_181222,GPS_GS : $GPRMC,,V,,,,,,,,,,N*53
250801_181222,GPS_GS : $GPGGA,,,,,,0,00,99.99,,,,,,*48
250801_181223,GPS_GS : $GPRMC,,V,,,,,,,,,,N*53
250801_181223,GPS_GS : $GPGGA,,,,,,0,00,99.99,,,,,,*48
250801_181224,GPS_GS : $GPRMC,,V,,,,,,,,,,N*53
250801_181224,GPS_GS : $GPGGA,,,,,,0,00,99.99,,,,,,*48
250801_181225,GPS_GS : $GPRMC,,V,,,,,,,,,,N*53
250801_181225,GPS_GS : $GPGGA,,,,,,0,00,99.99,,,,,,*48
250801_181226,GPS_GS : $GPRMC,,V,,,,,,,,,,N*53
250801_181226,GPS_GS : $GPGGA,,,,,,0üNN‰‰‰‰‰I‰Âj)bbbbbbbbbbbbbÊÊrÊÊbÊÊrÊÊbÊÊrÊÊRš‚j (62)
250801_181227,GPS_GS : $GPRMC,,V,,,,,,,,,,N*53
250801_181227,GPS_GS : $GPGGA,,,,,,0,00,99.99,,,,,,*48
250801_181228,GPS_GS : $GPRMC,,V,,,,,,,,,,N*53
250801_181228,GPS_GS : $GPGGA,,,,,,0,00,99.99,,,,,,*48
250801_181229,GPS_GS : $GPRMC,,V,,,,,,,,,,N*53
250801_181230,GPS_GS : $GPRMC,,V,,,,,,,,,,N*53
250801_181230,GPS_GS : $GPGGA,,,,,,0,00,99.99,,,,,,*48
250801_181232,GPS_GS : $GPRMC,,V,,,,,,,,,,N*53
250801_181232,GPS_GS : $GPGGA,,,,,,0,00,99.99,,,,,,*48
250801_181233,GPS_GS : $GPRMC,,V,,,,,,,,,,N*53
250801_181233,GPS_GS : $GPGGA,,,,,,0,00,99.99,,,,,,*48
250801_181234,GPS_GS : $GPRMC,,V,,,,,,,,,,N*53
250801_181234,GPS_GS : $GPGGA,,,,,,0,00,99.99,,,,,,*48
250801_181235,GPS_GS : $GPGGA,,,,,,0,00,99.99,,,,,,*48
250801_181236,GPS_GS : $GPRMC,,V,,,,,,,,,,N*53
250801_181236,GPS_GS : $GPGGA,,,,,,0,00,99.99,,,,,,*48
250801_181237,GPS_GS : $GPRMC,,V,,,,,,,,,,N*53
250801_181237,GPS_GS : $GPGGA,,,,,,0,00,99.99,,,,,,*48
250801_181247,GPS_GS : $GPRMC,,V,,,,,,,,,,N*53
250801_181248,GPS_GS : $GPGGA,,,,,,0,00,99.99,,,,,,*48
250801_181248,GPS_GS : $GPRMC,,V,,,,,,,,,,N*53
250801_181249,GPS_GS : $GPGGA,,,,,,0,00,99.99,,,,,,*48
250801_181249,GPS_GS : $GPRMC,,V,,,,,,,,,,N*53
250801_181249,GPS_GS : $GPGGA,,,,,,0,00,99.99,,,,,,*48
250801_181250,GPS_GS : $GPRMC,,V,,,,,,,,,,N*53
250801_181250,GPS_GS : $GPGGA,,,,,,0,00,99.99,,,,,,*48
250801_181251,GPS_GS : $GPRMC,,V,,,,,,,,,,N*53
250801_181251,GPS_GS : $GPGGA,,,,,,0,00,99.99,,,,,,*48
250801_181252,GPS_GS : $GPRMC,,V,,,,,,,,,,N*53
250801_181252,GPS_GS : $GPGGA,,,,,,0,00,99.99,,,,,,*48
250801_181253,GPS_GS : $GPRMC,,V,,,,,,,,,,N*53
250801_181253,GPS_GS : $GPGGA,,,,,,0,00,99.99,,,,,,*48
250801_181254,GPS_GS : $GPRMC,,V,,,,,,,,,,N*53
250801_181254,GPS_GS : $GPGGA,,,,,,0,00,99.99,,,,,,*48
250801_181255,GPS_GS : $GPRMC,,V,,,,,,,,,,N*53
250801_181255,GPS_GS : $GPGGA,,,,,,0,00,99.99,,,,,,*48
250801_181256,GPS_GS : $GPRMC,,V,,,,,,,,,,N*53
250801_181256,GPS_GS : $GPGGA,,,,,,0,00,99.99,,,,,,*48
250801_181257,GPS_GS : $GPRMC,,V,,,,,,,,,,N*53
250801_181257,GPS_GS : $GPGGA,,,,,,0,00,99.99,,,,,,*48
250801_181258,GPS_GS : $GPRMC,,V,,,,,,,,,,N*53
250801_181258,GPS_GS : $GPGGA,,,,,,0,00,99.99,,,,,,*48
250801_181259,GPS_GS : $GPRMC,,V,,,,,,,,,,N*53
250801_181259,GPS_GS : $GPGGA,,,,,,0,00,99.99,,,,,,*48
250801_181300,GPS_GS : $GPRMC,,V,,,,,,,,,,N*53
250801_181300,GPS_GS : $GPGGA,,,,,,0,00,99.99,,,,,,*48
250801_181301,GPS_GS : $GPRMC,,V,,,,,,,,,,N*53
250801_181301,GPS_GS : $GPGGA,,,,,,0,00,99.99,,,,,,*48
250801_181302,GPS_GS : $GPRMC,,V,,,,,,,,,,N*53
250801_181303,GPS_GS : $GPGGA,,,,,,0,00,99.99,,,,,,*48
250801_181303,GPS_GS : $GPRMC,,V,,,,,,,,,,N*53
250801_181303,GPS_GS : $GPGGA,,,,,,0,00,99.99,,,,,,*48
250801_181304,GPS_GS : $GPRMC,,V,,,,,,,,,,N*53
250801_181304,GPS_GS : $GPGGA,,,,,,0,00,99.99,,,,,,*48
250801_181305,GPS_GS : $GPRMC,,V,,,,,,,,,,N*53
250801_181305,GPS_GS : $GPGGA,,,,,,0,00,99.99,,,,,,*48
250801_181306,GPS_GS : $GPRMC,,V,,,,,,,,,,N*53
250801_181306,GPS_GS : $GPGGA,,,,,,0,00,99.99,,,,,,*48
250801_181307,GPS_GS : $GPRMC,,V,,,,,,,,,,N*53
250801_181307,GPS_GS : $GPGGA,,,,,,0,00,99.99,,,,,,*48
250801_181308,GPS_GS : $GPRMC,,V,,,,,,,,,,N*53
250801_181308,GPS_GS : $GPGGA,,,,,,0,00,99.99,,,,,,*48
250801_181309,GPS_GS : $GPRMC,,V,,,,,,,,,,N*53
250801_181309,GPS_GS : $GPGGA,,,,,,0,00,99.99,,,,,,*48
250801_181310,GPS_GS : $GPRMC,,V,,,,,,,,,,N*53
250801_181310,GPS_GS : $GPGGA,,,,,,0,00,99.99,,,,,,*48
250801_181311,GPS_GS : $GPRMC,,V,,,,,,,,,,N*53
250801_181311,GPS_GS : $GPGGA,,,,,,0,00,99.99,,,,,,*48
250801_181312,GPS_GS : $GPRMC,,V,,,,,,,,,,N*53
250801_181312,GPS_GS : $GPGGA,,,,,,0,00,99.99,,,,,,*48
250801_181313,GPS_GS : $GPRMC,,V,,,,,,,,,,N*53
250801_181313,GPS_GS : $GPGGA,,,,,,0,00,99.99,,,,,,*48
250801_181314,GPS_GS : $GPRMC,,V,,,,,,,,,,N*53
250801_181314,GPS_GS : $GPGGA,,,,,,0,00,99.99,,,,,,*48
250801_181315,GPS_GS : $GPRMC,,V,,,,,,,,,,N*53
250801_181315,GPS_GS : $GPGGA,,,,,,0,00,99.99,,,,,,*48
250801_181316,GPS_GS : $GPRMC,,V,,,,,,,,,,N*53
250801_181316,GPS_GS : $GPGGA,,,,,,0,00,99.99,,,,,,*48
250801_181317,GPS_GS : $GPRMC,,V,,,,,,,,,,N*53
250801_181317,GPS_GS : $GPGGA,,,,,,0,00,99.99,,,,,,*48
250801_181318,GPS_GS : $GPRMC,,V,,,,,,,270725,,,N*56
250801_181318,GPS_GS : $GPGGA,,,,,,0,00,99.99,,,,,,*48
250801_181319,GPS_GS : $GPRMC,,V,,,,,,,270725,,,N*56
250801_181320,GPS_GS : $GPGGA,,,,,,0,00,99.99,,,,,,*48
250801_181320,GPS_GS : $GPRMC,,V,,,,,,,270725,,,N*56
250801_181321,GPS_GS : $GPGGA,,,,,,0,00,99.99,,,,,,*48
250801_181321,GPS_GS : $GPRMC,,V,,,,,,,270725,,,N*56
250801_181322,GPS_GS : $GPGGA,,,,,,0,00,99.99,,,,,,*48
250801_181322,GPS_GS : $GPRMC,,V,,,,,,,270725,,,N*56
250801_181323,GPS_GS : $GPGGA,,,,,,0,00,99.99,,,,,,*48
250801_181323,GPS_GS : $GPRMC,,V,,,,,,,270725,,,N*56
250801_181324,GPS_GS : $GPGGA,,,,,,0,00,99.99,,,,,,*48
250801_181324,GPS_GS : $GPRMC,,V,,,,,,,270725,,,N*56
250801_181324,GPS_GS : $GPGGA,,,,,,0,00,99.99,,,,,,*48
250801_181325,GPS_GS : $GPRMC,,V,,,,,,,270725,,,N*56
250801_181325,GPS_GS : $GPGGA,,,,,,0,00,99.99,,,,,,*48
250801_181326,GPS_GS : $GPRMC,,V,,,,,,,270725,,,N*56
250801_181326,GPS_GS : $GPGGA,,,,,,0,00,99.99,,,,,,*48
250801_181327,GPS_GS : $GPRMC,,V,,,,,,,270725,,,N*56
250801_181328,GPS_GS : $GPGGA,,,,,,0,00,99.99,,,,,,*48
250801_181328,GPS_GS : $GPRMC,,V,,,,,,,270725,,,N*56
250801_181329,GPS_GS : $GPGGA,,,,,,0,00,99.99,,,,,,*48
250801_181329,GPS_GS : $GPRMC,,V,,,,,,,270725,,,N*56
250801_181330,GPS_GS : $GPGGA,,,,,,0,00,99.99,,,,,,*48
250801_181330,GPS_GS : $GPRMC,,V,,,,,,,270725,,,N*56
250801_181331,GPS_GS : $GPGGA,,,,,,0,00,99.99,,,,,,*48
250801_181331,GPS_GS : $GPRMC,,V,,,,,,,270725,,,N*56
250801_181332,GPS_GS : $GPGGA,,,,,,0,00,99.99,,,,,,*48
250801_181332,GPS_GS : $GPRMC,,V,,,,,,,270725,,,N*56
250801_181333,GPS_GS : $GPGGA,,,,,,0,00,99.99,,,,,,*48
250801_181333,GPS_GS : $GPRMC,,V,,,,,,,270725,,,N*56
250801_181333,GPS_GS : $GPGGA,,,,,,0,00,99.99,,,,,,*48
250801_181334,GPS_GS : $GPRMC,,V,,,,,,,270725,,,N*56
250801_181334,GPS_GS : $GPGGA,,,,,,0,00,99.99,,,,,,*48
250801_181335,GPS_GS : $GPRMC,,V,,,,,,,270725,,,N*56
250801_181336,GPS_GS : $GPGGA,,,,,,0,00,99.99,,,,,,*48
250801_181336,GPS_GS : $GPRMC,,V,,,,,,,270725,,,N*56
250801_181337,GPS_GS : $GPGGA,,,,,,0,00,99.99,,,,,,*48
250801_181337,GPS_GS : $GPRMC,,V,,,,,,,270725,,,N*56
250801_181338,GPS_GS : $GPGGA,,,,,,0,00,99.99,,,,,,*48
250801_181338,GPS_GS : $GPRMC,,V,,,,,,,270725,,,N*56
250801_181339,GPS_GS : $GPGGA,,,,,,0,00,99.99,,,,,,*48
250801_181339,GPS_GS : $GPRMC,,V,,,,,,,270725,,,N*56
250801_181340,GPS_GS : $GPGGA,,,,,,0,00,99.99,,,,,,*48
250801_181340,GPS_GS : $GPRMC,,V,,,,,,,270725,,,N*56
250801_181341,GPS_GS : $GPGGA,,,,,,0,00,99.99,,,,,,*48
250801_181341,GPS_GS : $GPRMC,,V,,,,,,,270725,,,N*56
250801_181342,GPS_GS : $GPGGA,,,,,,0,00,99.99,,,,,,*48
250801_181342,GPS_GS : $GPRMC,,V,,,,,,,270725,,,N*56
250801_181343,GPS_GS : $GPGGA,,,,,,0,00,99.99,,,,,,*48
250801_181343,GPS_GS : $GPRMC,,V,,,,,,,270725,,,N*56
250801_181344,GPS_GS : $GPGGA,,,,,,0,00,99.99,,,,,,*48
250801_181344,GPS_GS : $GPRMC,,V,,,,,,,270725,,,N*56
250801_181344,GPS_GS : $GPGGA,,,,,,0,00,99.99,,,,,,*48
250801_181345,GPS_GS : $GPRMC,,V,,,,,,,270725,,,N*56
250801_181345,GPS_GS : $GPGGA,,,,,,0,00,99.99,,,,,,*48
250801_181346,GPS_GS : $GPRMC,,V,,,,,,,270725,,,N*56
250801_181346,GPS_GS : $GPGGA,,,,,,0,00,99.99,,,,,,*48
250801_181347,GPS_GS : $GPRMC,,V,,,,,,,270725,,,N*56
250801_181347,GPS_GS : $GPGGA,,,,,,0,00,99.99,,,,,,*48
250801_181348,GPS_GS : $GPRMC,,V,,,,,,,270725,,,N*56
250801_181348,GPS_GS : $GPGGA,,,,,,0,00,99.99,,,,,,*48
250801_181349,GPS_GS : $GPRMC,,V,,,,,,,270725,,,N*56
250801_181349,GPS_GS : $GPGGA,,,,,,0,00,99.99,,,,,,*48
250801_181350,GPS_GS : $GPRMC,,V,,,,,,,270725,,,N*56
250801_181350,GPS_GS : $GPGGA,,,,,,0,00,99.99,,,,,,*48
250801_181351,GPS_GS : $GPRMC,,V,,,,,,,270725,,,N*56
250801_181352,GPS_GS : $GPGGA,,,,,,0,00,99.99,,,,,,*48
250801_181352,GPS_GS : $GPRMC,,V,,,,,,,270725,,,N*56
250801_181353,GPS_GS : $GPGGA,,,,,,0,00,99.99,,,,,,*48
250801_181353,GPS_GS : $GPRMC,,V,,,,,,,270725,,,N*56
250801_181353,GPS_GS : $GPGGA,,,,,,0,00,99.99,,,,,,*48
250801_181354,GPS_GS : $GPRMC,,V,,,,,,,270725,,,N*56
250801_181355,GPS_GS : $GPGGA,,,,,,0,00,99.99,,,,,,*48
250801_181355,GPS_GS : $GPRMC,,V,,,,,,,270725,,,N*56
250801_181355,GPS_GS : $GPGGA,,,,,,0,00,99.99,,,,,,*48
250801_181356,GPS_GS : $GPRMC,,V,,,,,,,270725,,,N*56
250801_181356,GPS_GS : $GPGGA,,,,,,0,00,99.99,,,,,,*48
250801_181357,GPS_GS : $GPRMC,,V,,,,,,,270725,,,N*56
250801_181357,GPS_GS : $GPGGA,,,,,,0,00,99.99,,,,,,*48
250801_181358,GPS_GS : $GPRMC,,V,,,,,,,270725,,,N*56
250801_181359,GPS_GS : $GPGGA,,,,,,0,00,99.99,,,,,,*48
250801_181359,GPS_GS : $GPRMC,,V,,,,,,,270725,,,N*56
250801_181359,GPS_GS : $GPGGA,,,,,,0,00,99.99,,,,,,*48
250801_181400,GPS_GS : $GPRMC,,V,,,,,,,270725,,,N*56
250801_181400,GPS_GS : $GPGGA,,,,,,0,00,99.99,,,,,,*48
250801_181401,GPS_GS : $GPRMC,,V,,,,,,,270725,,,N*56
250801_181401,GPS_GS : $GPGGA,,,,,,0,00,99.99,,,,,,*48
250801_181402,GPS_GS : $GPRMC,,V,,,,,,,270725,,,N*56
250801_181402,GPS_GS : $GPGGA,,,,,,0,00,99.99,,,,,,*48
250801_181403,GPS_GS : $GPRMC,,V,,,,,,,270725,,,N*56
250801_181404,GPS_GS : $GPGGA,,,,,,0,00,99.99,,,,,,*48
250801_181404,GPS_GS : $GPRMC,,V,,,,,,,270725,,,N*56
250801_181405,GPS_GS : $GPGGA,,,,,,0,00,99.99,,,,,,*48
250801_181405,GPS_GS : $GPRMC,,V,,,,,,,270725,,,N*56
250801_181405,GPS_GS : $GPGGA,,,,,,0,00,99.99,,,,,,*48
250801_181406,GPS_GS : $GPRMC,,V,,,,,,,270725,,,N*56
250801_181407,GPS_GS : $GPGGA,,,,,,0,00,99.99,,,,,,*48
250801_181407,GPS_GS : $GPRMC,,V,,,,,,,270725,,,N*56
250801_181408,GPS_GS : $GPGGA,,,,,,0,00,99.99,,,,,,*48
250801_181408,GPS_GS : $GPRMC,,V,,,,,,,270725,,,N*56
250801_181408,GPS_GS : $GPGGA,,,,,,0,00,99.99,,,,,,*48
250801_181409,GPS_GS : $GPRMC,,V,,,,,,,270725,,,N*56
250801_181410,GPS_GS : $GPGGA,,,,,,0,00,99.99,,,,,,*48
250801_181410,GPS_GS : $GPRMC,,V,,,,,,,270725,,,N*56
250801_181411,GPS_GS : $GPGGA,,,,,,0,00,99.99,,,,,,*48
250801_181411,GPS_GS : $GPRMC,,V,,,,,,,270725,,,N*56
250801_181411,GPS_GS : $GPGGA,,,,,,0,00,99.99,,,,,,*48
250801_181412,GPS_GS : $GPRMC,,V,,,,,,,270725,,,N*56
250801_181412,GPS_GS : $GPGGA,,,,,,0,00,99.99,,,,,,*48
250801_181414,GPS_GS : $GPRMC,091416.00,V,,,,,,,010825,,,N*78
250801_181414,GPS_GS : $GPGGA,091416.00,,,,,0,00,99.99,,,,,,*6D
250801_181415,GPS_GS : $GPRMC,091417.00,V,,,,,,,010825,,,N*79
250801_181415,GPS_GS : $GPGGA,091417.00,,,,,0,00,99.99,,,,,,*6C
250801_181416,GPS_GS : $GPRMC,091418.00,V,,,,,,,010825,,,N*76
250801_181416,GPS_GS : $GPGGA,091418.00,,,,,0,00,99.99,,,,,,*63
250801_181417,GPS_GS : $GPRMC,091419.00,V,,,,,,,010825,,,N*77
250801_181417,GPS_GS : $GPGGA,091419.00,,,,,0,00,99.99,,,,,,*62
250801_181418,GPS_GS : $GPRMC,091420.00,V,,,,,,,010825,,,N*7D
250801_181418,GPS_GS : $GPGGA,091420.00,,,,,0,00,99.99,,,,,,*68
250801_181419,GPS_GS : $GPRMC,091421.00,V,,,,,,,010825,,,N*7C
250801_181419,GPS_GS : $GPGGA,091421.00,,,,,0,00,99.99,,,,,,*69
250801_181420,GPS_GS : $GPRMC,091422.00,V,,,,,,,010825,,,N*7F
250801_181420,GPS_GS : $GPGGA,091422.00,,,,,0,00,99.99,,,,,,*6A
250801_181421,GPS_GS : $GPRMC,091423.00,V,,,,,,,010825,,,N*7E
250801_181421,GPS_GS : $GPGGA,091423.00,,,,,0,00,99.99,,,,,,*6B
250801_181422,GPS_GS : $GPRMC,091424.00,V,,,,,,,010825,,,N*79
250801_181422,GPS_GS : $GPGGA,091424.00,,,,,0,00,99.99,,,,,,*6C
250801_181423,GPS_GS : $GPRMC,091425.00,V,,,,,,,010825,,,N*78
250801_181423,GPS_GS : $GPGGA,091425.00,,,,,0,00,99.99,,,,,,*6D
250801_181424,GPS_GS : $GPRMC,091426.00,V,,,,,,,010825,,,N*7B
250801_181424,GPS_GS : $GPGGA,091426.00,,,,,0,00,99.99,,,,,,*6E
250801_181425,GPS_GS : $GPRMC,091427.00,V,,,,,,,010825,,,N*7A
250801_181425,GPS_GS : $GPGGA,091427.00,,,,,0,00,99.99,,,,,,*6F
250801_181426,GPS_GS : $GPRMC,091428.00,V,,,,,,,010825,,,N*75
250801_181426,GPS_GS : $GPGGA,091428.00,,,,,0,00,99.99,,,,,,*60
250801_181427,GPS_GS : $GPRMC,091429.00,V,,,,,,,010825,,,N*74
250801_181427,GPS_GS : $GPGGA,091429.00,,,,,0,00,99.99,,,,,,*61
250801_181428,GPS_GS : $GPRMC,091430.00,V,,,,,,,010825,,,N*7C
250801_181428,GPS_GS : $GPGGA,091430.00,,,,,0,00,99.99,,,,,,*69
250801_181429,GPS_GS : $GPRMC,091431.00,V,,,,,,,010825,,,N*7D
250801_181429,GPS_GS : $GPGGA,091431.00,,,,,0,00,99.99,,,,,,*68
250801_181430,GPS_GS : $GPRMC,,V,,,,,,,,,,N*53
250801_181430,GPS_GS : $GPGGA,,,,,,0,00,99.99,,,,,,*48
250801_181430,GPS_GS : $GPRMC,,V,,,,,,,,,,N*53
250801_181430,GPS_GS : $GPGGA,,,,,,0,00,99.99,,,,,,*48
250801_181431,GPS_GS : $GPRMC,,V,,,,,,,,,,N*53
250801_181431,GPS_GS : $GPGGA,,,,,,0,00,99.99,,,,,,*48
250801_181432,GPS_GS : $GPRMC,,V,,,,,,,,,,N*53
250801_181433,GPS_GS : $GPRMC,,V,,,,,,,,,,N*53
250801_181433,GPS_GS : $GPGGA,,,,,,0,00,99.99,,,,,,*48
250801_181433,GPS_GS : $GPRMC,,V,,,,,,,,,,N*53
250801_181434,GPS_GS : $GPGGA,,,,,,0,00,99.99,,,,,,*48
250801_181434,GPS_GS : $GPRMC,,V,,,,,,,,,,N*53
250801_181435,GPS_GS : $GPGGA,,,,,,0,00,99.99,,,,,,*48
250801_181435,GPS_GS : $GPRMC,,V,,,,,,,,,,N*53
250801_181436,GPS_GS : $GPGGA,,,,,,0,00,99.99,,,,,,*48
250801_181436,GPS_GS : $GPRMC,,V,,,,,,,,,,N*53
250801_181437,GPS_GS : $GPGGA,,,,,,0,00,99.99,,,,,,*48
250801_181437,GPS_GS : $GPRMC,,V,,,,,,,,,,N*53
250801_181438,GPS_GS : $GPGGA,,,,,,0,00,99.99,,,,,,*48
250801_181438,GPS_GS : $GPRMC,,V,,,,,,,,,,N*53
250801_181439,GPS_GS : $GPGGA,,,,,,0,00,99.99,,,,,,*48
250801_181439,GPS_GS : $GPRMC,,V,,,,,,,,,,N*53
250801_181440,GPS_GS : $GPGGA,,,,,,0,00,99.99,,,,,,*48
250801_181441,GPS_GS : $GPRMC,091443.00,V,,,,,,,,,,N*76
250801_181441,GPS_GS : $GPGGA,091443.00,,,,,0,00,99.99,,,,,,*6D
250801_181442,GPS_GS : $GPRMC,091444.00,V,,,,,,,,,,N*71
250801_181442,GPS_GS : $GPGGA,091444.00,,,,,0,00,99.99,,,,,,*6A
250801_181443,GPS_GS : $GPRMC,091445.00,V,,,,,,,,,,N*70
250801_181443,GPS_GS : $GPGGA,091445.00,,,,,0,00,99.99,,,,,,*6B
250801_181444,GPS_GS : $GPRMC,091446.00,V,,,,,,,010825,,,N*7D
250801_181444,GPS_GS : $GPGGA,091446.00,,,,,0,00,99.99,,,,,,*68
250801_181445,GPS_GS : $GPRMC,091447.00,V,,,,,,,010825,,,N*7C
250801_181445,GPS_GS : $GPGGA,091447.00,,,,,0,00,99.99,,,,,,*69
250801_181446,GPS_GS : $GPRMC,091448.00,V,,,,,,,010825,,,N*73
250801_181446,GPS_GS : $GPGGA,091448.00,,,,,0,00,99.99,,,,,,*66
250801_181447,GPS_GS : $GPRMC,091449.00,V,,,,,,,010825,,,N*72
250801_181447,GPS_GS : $GPGGA,091449.00,,,,,0,00,99.99,,,,,,*67
250801_181448,GPS_GS : $GPRMC,091450.00,V,,,,,,,010825,,,N*7A
250801_181448,GPS_GS : $GPGGA,091450.00,,,,,0,00,99.99,,,,,,*6F
250801_181449,GPS_GS : $GPRMC,091451.00,V,,,,,,,010825,,,N*7B
250801_181449,GPS_GS : $GPGGA,091451.00,,,,,0,00,99.99,,,,,,*6E
250801_181450,GPS_GS : $GPRMC,091452.00,V,,,,,,,010825,,,N*78
250801_181450,GPS_GS : $GPGGA,091452.00,,,,,0,00,99.99,,,,,,*6D
250801_181451,GPS_GS : $GPRMC,091453.00,V,,,,,,,010825,,,N*79
250801_181451,GPS_GS : $GPGGA,091453.00,,,,,0,00,99.99,,,,,,*6C
250801_181452,GPS_GS : $GPRMC,091454.00,V,,,,,,,010825,,,N*7E
250801_181452,GPS_GS : $GPGGA,091454.00,,,,,0,00,99.99,,,,,,*6B
250801_181453,GPS_GS : $GPRMC,091455.00,V,,,,,,,010825,,,N*7F
250801_181453,GPS_GS : $GPGGA,091455.00,,,,,0,00,99.99,,,,,,*6A
250801_181454,GPS_GS : $GPRMC,091456.00,V,,,,,,,010825,,,N*7C
250801_181454,GPS_GS : $GPGGA,091456.00,,,,,0,00,99.99,,,,,,*69
250801_181455,GPS_GS : $GPRMC,091457.00,V,,,,,,,010825,,,N*7D
250801_181455,GPS_GS : $GPGGA,091457.00,,,,,0,00,99.99,,,,,,*68
250801_181456,GPS_GS : $GPRMC,091458.00,V,,,,,,,010825,,,N*72
250801_181456,GPS_GS : $GPGGA,091458.00,,,,,0,00,99.99,,,,,,*67
250801_181457,GPS_GS : $GPRMC,091459.00,V,,,,,,,010825,,,N*73
250801_181457,GPS_GS : $GPGGA,091459.00,,,,,0,00,99.99,,,,,,*66
250801_181458,GPS_GS : $GPRMC,091500.01,V,,,,,,,010825,,,N*7F
250801_181458,GPS_GS : $GPGGA,091500.01,,,,,0,00,99.99,,,,,,*6A
250801_181459,GPS_GS : $GPRMC,091501.00,V,,,,,,,010825,,,N*7F
250801_181459,GPS_GS : $GPGGA,091501.00,,,,,0,00,99.99,,,,,,*6A
250801_181500,GPS_GS : $GPRMC,091501.98,A,3635.27493,N,12734.17037,E,1.863,239.57,010825,,,A*62
250801_181500,GPS_GS : $GPGGA,091501.98,3635.27493,N,12734.17037,E,1,04,4.40,146.5,M,20.3,M,,*5B
250801_181501,GPS_GS : $GPRMC,091503.00,A,3635.27461,N,12734.17031,E,1.811,241.54,010825,,,A*63
250801_181501,GPS_GS : $GPGGA,091503.00,3635.27461,N,12734.17031,E,1,04,3.76,146.2,M,20.3,M,,*56
250801_181502,GPS_GS : $GPRMC,091504.00,A,3635.27446,N,12734.17011,E,1.077,238.78,010825,,,A*6B
250801_181502,GPS_GS : $GPGGA,091504.00,3635.27446,N,12734.17011,E,1,04,3.76,147.1,M,20.3,M,,*54
250801_181503,GPS_GS : $GPRMC,091505.00,A,3635.27457,N,12734.17035,E,0.720,,010825,,,A*70
250801_181503,GPS_GS : $GPGGA,091505.00,3635.27457,N,12734.17035,E,1,04,3.76,148.1,M,20.3,M,,*5C
250801_181504,GPS_GS : $GPRMC,091506.00,A,3635.27478,N,12734.17090,E,0.603,,010825,,,A*71
250801_181504,GPS_GS : $GPGGA,091506.00,3635.27478,N,12734.17090,E,1,04,3.76,148.9,M,20.3,M,,*55
250801_181505,GPS_GS : $GPRMC,091507.00,A,3635.27450,N,12734.17058,E,1.158,229.79,010825,,,A*6F
250801_181505,GPS_GS : $GPGGA,091507.00,3635.27450,N,12734.17058,E,1,04,3.76,149.0,M,20.3,M,,*52
250801_181506,GPS_GS : $GPRMC,091508.00,A,3635.27432,N,12734.17058,E,1.031,,010825,,,A*73
250801_181506,GPS_GS : $GPGGA,091508.00,3635.27432,N,12734.17058,E,1,04,3.76,149.4,M,20.3,M,,*5D
250801_181507,GPS_GS : $GPRMC,091509.00,A,3635.27409,N,12734.17079,E,1.143,,010825,,,A*7D
250801_181507,GPS_GS : $GPGGA,091509.00,3635.27409,N,12734.17079,E,1,04,3.76,149.8,M,20.3,M,,*5B
250801_181508,GPS_GS : $GPRMC,091510.00,A,3635.27388,N,12734.17101,E,1.351,223.13,010825,,,A*6B
250801_181508,GPS_GS : $GPGGA,091510.00,3635.27388,N,12734.17101,E,1,04,3.76,150.1,M,20.3,M,,*52
250801_181509,GPS_GS : $GPRMC,091511.00,A,3635.27365,N,12734.17122,E,1.003,,010825,,,A*73
250801_181509,GPS_GS : $GPGGA,091511.00,3635.27365,N,12734.17122,E,1,04,3.75,150.3,M,20.3,M,,*50
250801_181510,GPS_GS : $GPRMC,091512.00,A,3635.27348,N,12734.17138,E,1.147,,010825,,,A*75
250801_181510,GPS_GS : $GPGGA,091512.00,3635.27348,N,12734.17138,E,1,04,3.75,150.8,M,20.3,M,,*5C
250801_181511,GPS_GS : $GPRMC,091513.00,A,3635.27339,N,12734.17163,E,0.612,,010825,,,A*7A
250801_181511,GPS_GS : $GPGGA,091513.00,3635.27339,N,12734.17163,E,1,04,3.75,150.8,M,20.3,M,,*55
250801_181512,GPS_GS : $GPRMC,091514.00,A,3635.27321,N,12734.17169,E,1.097,212.54,010825,,,A*6A
250801_181512,GPS_GS : $GPGGA,091514.00,3635.27321,N,12734.17169,E,1,04,3.75,151.2,M,20.3,M,,*5A
250801_181513,GPS_GS : $GPRMC,091515.00,A,3635.27298,N,12734.17154,E,1.418,218.62,010825,,,A*6A
250801_181513,GPS_GS : $GPGGA,091515.00,3635.27298,N,12734.17154,E,1,04,3.75,151.2,M,20.3,M,,*56
250801_181514,GPS_GS : $GPRMC,091516.00,A,3635.27266,N,12734.17133,E,1.478,214.60,010825,,,A*61
250801_181514,GPS_GS : $GPGGA,091516.00,3635.27266,N,12734.17133,E,1,04,3.75,151.4,M,20.3,M,,*53
250801_181515,GPS_GS : $GPRMC,091517.00,A,3635.27237,N,12734.17138,E,1.116,,010825,,,A*7D
250801_181515,GPS_GS : $GPGGA,091517.00,3635.27237,N,12734.17138,E,1,04,3.75,151.5,M,20.3,M,,*5C
250801_181516,GPS_GS : $GPRMC,091518.00,A,3635.27236,N,12734.17151,E,0.128,,010825,,,A*70
250801_181516,GPS_GS : $GPGGA,091518.00,3635.27236,N,12734.17151,E,1,04,3.75,151.6,M,20.3,M,,*5E
250801_181517,GPS_GS : $GPRMC,091519.00,A,3635.27238,N,12734.17150,E,0.418,,010825,,,A*78
250801_181517,GPS_GS : $GPGGA,091519.00,3635.27238,N,12734.17150,E,1,04,3.74,151.8,M,20.3,M,,*5F
250801_181518,GPS_GS : $GPRMC,091520.00,A,3635.27238,N,12734.17141,E,0.469,,010825,,,A*74
250801_181518,GPS_GS : $GPGGA,091520.00,3635.27238,N,12734.17141,E,1,04,3.74,152.1,M,20.3,M,,*5F
250801_181519,GPS_GS : $GPRMC,091521.00,A,3635.27233,N,12734.17137,E,0.171,,010825,,,A*73
250801_181519,GPS_GS : $GPGGA,091521.00,3635.27233,N,12734.17137,E,1,04,3.74,152.5,M,20.3,M,,*50
250801_181520,GPS_GS : $GPRMC,091522.00,A,3635.27235,N,12734.17142,E,0.380,,010825,,,A*78
250801_181520,GPS_GS : $GPGGA,091522.00,3635.27235,N,12734.17142,E,1,04,3.74,152.5,M,20.3,M,,*57
250801_181521,GPS_GS : $GPRMC,091523.00,A,3635.27238,N,12734.17151,E,0.211,,010825,,,A*7F
250801_181521,GPS_GS : $GPGGA,091523.00,3635.27238,N,12734.17151,E,1,04,3.74,152.6,M,20.3,M,,*5A
250801_181522,GPS_GS : $GPRMC,091524.00,A,3635.27242,N,12734.17158,E,0.402,,010825,,,A*78
250801_181522,GPS_GS : $GPGGA,091524.00,3635.27242,N,12734.17158,E,1,04,3.74,152.7,M,20.3,M,,*58
250801_181523,GPS_GS : $GPRMC,091525.00,A,3635.27249,N,12734.17164,E,0.222,,010825,,,A*79
250801_181523,GPS_GS : $GPGGA,091525.00,3635.27249,N,12734.17164,E,1,04,3.74,152.6,M,20.3,M,,*5C
250801_181524,GPS_GS : $GPRMC,091526.00,A,3635.27256,N,12734.17172,E,0.383,,010825,,,A*79
250801_181524,GPS_GS : $GPGGA,091526.00,3635.27256,N,12734.17172,E,1,04,3.74,152.1,M,20.3,M,,*51
250801_181525,GPS_GS : $GPRMC,091527.00,A,3635.27256,N,12734.17163,E,0.315,,010825,,,A*77
250801_181525,GPS_GS : $GPGGA,091527.00,3635.27256,N,12734.17163,E,1,05,1.74,151.8,M,20.3,M,,*59
250801_181526,GPS_GS : $GPRMC,091528.00,A,3635.27248,N,12734.17134,E,0.177,,010825,,,A*73
250801_181526,GPS_GS : $GPGGA,091528.00,3635.27248,N,12734.17134,E,1,05,1.74,151.7,M,20.3,M,,*54
250801_181527,GPS_GS : $GPRMC,091529.00,A,3635.27193,N,12734.17064,E,1.318,198.93,010825,,,A*6D
250801_181527,GPS_GS : $GPGGA,091529.00,3635.27193,N,12734.17064,E,1,05,1.74,151.7,M,20.3,M,,*54
250801_181528,GPS_GS : $GPRMC,091530.00,A,3635.27143,N,12734.17053,E,1.672,177.99,010825,,,A*6E
250801_181528,GPS_GS : $GPGGA,091530.00,3635.27143,N,12734.17053,E,1,05,1.74,151.9,M,20.3,M,,*5B
250801_181529,GPS_GS : $GPRMC,091531.00,A,3635.27089,N,12734.17043,E,1.631,168.21,010825,,,A*63
250801_181529,GPS_GS : $GPGGA,091531.00,3635.27089,N,12734.17043,E,1,05,1.74,151.9,M,20.3,M,,*5C
250801_181530,GPS_GS : $GPRMC,091532.00,A,3635.27048,N,12734.17066,E,1.772,161.81,010825,,,A*6F
250801_181530,GPS_GS : $GPGGA,091532.00,3635.27048,N,12734.17066,E,1,05,1.74,151.7,M,20.3,M,,*5B
250801_181531,GPS_GS : $GPRMC,091533.00,A,3635.27002,N,12734.17100,E,1.988,157.49,010825,,,A*6B
250801_181531,GPS_GS : $GPGGA,091533.00,3635.27002,N,12734.17100,E,1,05,1.70,151.5,M,20.3,M,,*53
250801_181532,GPS_GS : $GPRMC,091534.00,A,3635.26946,N,12734.17119,E,1.896,156.87,010825,,,A*61
250801_181532,GPS_GS : $GPGGA,091534.00,3635.26946,N,12734.17119,E,1,05,1.70,151.4,M,20.3,M,,*55
250801_181533,GPS_GS : $GPRMC,091535.00,A,3635.26896,N,12734.17147,E,2.017,156.25,010825,,,A*6D
250801_181533,GPS_GS : $GPGGA,091535.00,3635.26896,N,12734.17147,E,1,05,1.70,151.3,M,20.3,M,,*54
250801_181534,GPS_GS : $GPRMC,091536.00,A,3635.26843,N,12734.17170,E,2.081,157.86,010825,,,A*65
250801_181534,GPS_GS : $GPGGA,091536.00,3635.26843,N,12734.17170,E,1,05,1.70,151.3,M,20.3,M,,*5B
250801_181535,GPS_GS : $GPRMC,091537.00,A,3635.26795,N,12734.17186,E,1.835,162.71,010825,,,A*63
250801_181535,GPS_GS : $GPGGA,091537.00,3635.26795,N,12734.17186,E,1,05,1.70,151.2,M,20.3,M,,*56
250801_181536,GPS_GS : $GPRMC,091538.00,A,3635.26745,N,12734.17190,E,1.643,165.53,010825,,,A*6E
250801_181536,GPS_GS : $GPGGA,091538.00,3635.26745,N,12734.17190,E,1,05,1.70,151.0,M,20.3,M,,*51
250801_181537,GPS_GS : $GPRMC,091539.00,A,3635.26697,N,12734.17197,E,1.724,167.29,010825,,,A*69
250801_181537,GPS_GS : $GPGGA,091539.00,3635.26697,N,12734.17197,E,1,05,1.70,151.0,M,20.3,M,,*59
250801_181538,GPS_GS : $GPRMC,091540.00,A,3635.26642,N,12734.17188,E,1.988,181.14,010825,,,A*6F
250801_181538,GPS_GS : $GPGGA,091540.00,3635.26642,N,12734.17188,E,1,05,1.70,150.8,M,20.3,M,,*58
250801_181539,GPS_GS : $GPRMC,091541.00,A,3635.26582,N,12734.17164,E,1.917,188.60,010825,,,A*6F
250801_181539,GPS_GS : $GPGGA,091541.00,3635.26582,N,12734.17164,E,1,05,1.70,150.8,M,20.3,M,,*54
250801_181540,GPS_GS : $GPRMC,091542.00,A,3635.26529,N,12734.17147,E,1.893,191.14,010825,,,A*6A
250801_181540,GPS_GS : $GPGGA,091542.00,3635.26529,N,12734.17147,E,1,05,1.70,150.8,M,20.3,M,,*57
250801_181541,GPS_GS : $GPRMC,091543.00,A,3635.26475,N,12734.17115,E,1.930,201.42,010825,,,A*65
250801_181541,GPS_GS : $GPGGA,091543.00,3635.26475,N,12734.17115,E,1,05,1.70,151.0,M,20.3,M,,*50
250801_181542,GPS_GS : $GPRMC,091544.00,A,3635.26428,N,12734.17083,E,1.782,203.74,010825,,,A*64
250801_181542,GPS_GS : $GPGGA,091544.00,3635.26428,N,12734.17083,E,1,05,1.70,151.0,M,20.3,M,,*51
250801_181543,GPS_GS : $GPRMC,091545.00,A,3635.26379,N,12734.17057,E,1.907,202.74,010825,,,A*6D
250801_181543,GPS_GS : $GPGGA,091545.00,3635.26379,N,12734.17057,E,1,05,1.70,151.0,M,20.3,M,,*5A
250801_181544,GPS_GS : $GPRMC,091546.00,A,3635.26331,N,12734.17041,E,1.752,198.63,010825,,,A*6D
250801_181544,GPS_GS : $GPGGA,091546.00,3635.26331,N,12734.17041,E,1,05,1.70,150.9,M,20.3,M,,*5A
250801_181545,GPS_GS : $GPRMC,091547.00,A,3635.26281,N,12734.17031,E,1.791,194.08,010825,,,A*6F
250801_181545,GPS_GS : $GPGGA,091547.00,3635.26281,N,12734.17031,E,1,05,1.70,150.8,M,20.3,M,,*57
250801_181546,GPS_GS : $GPRMC,091548.00,A,3635.26225,N,12734.17015,E,1.951,192.47,010825,,,A*67
250801_181546,GPS_GS : $GPGGA,091548.00,3635.26225,N,12734.17015,E,1,05,1.70,150.5,M,20.3,M,,*5D
250801_181547,GPS_GS : $GPRMC,091549.00,A,3635.26184,N,12734.17012,E,1.391,190.01,010825,,,A*6F
250801_181547,GPS_GS : $GPGGA,091549.00,3635.26184,N,12734.17012,E,1,05,1.70,150.3,M,20.3,M,,*55
250801_181548,GPS_GS : $GPRMC,091550.00,A,3635.26180,N,12734.16995,E,0.838,,010825,,,A*7A
250801_181548,GPS_GS : $GPGGA,091550.00,3635.26180,N,12734.16995,E,1,05,1.70,150.5,M,20.3,M,,*58
250801_181549,GPS_GS : $GPRMC,091551.00,A,3635.26203,N,12734.16987,E,1.182,283.84,010825,,,A*62
250801_181549,GPS_GS : $GPGGA,091551.00,3635.26203,N,12734.16987,E,1,05,1.70,150.6,M,20.3,M,,*51
250801_181550,GPS_GS : $GPRMC,091552.00,A,3635.26236,N,12734.16973,E,1.485,303.59,010825,,,A*67
250801_181550,GPS_GS : $GPGGA,091552.00,3635.26236,N,12734.16973,E,1,05,1.70,150.6,M,20.3,M,,*5F
250801_181551,GPS_GS : $GPRMC,091553.00,A,3635.26286,N,12734.16978,E,1.976,338.74,010825,,,A*60
250801_181551,GPS_GS : $GPGGA,091553.00,3635.26286,N,12734.16978,E,1,05,1.70,150.6,M,20.3,M,,*5E
250801_181552,GPS_GS : $GPRMC,091554.00,A,3635.26310,N,12734.16978,E,1.472,,010825,,,A*75
250801_181552,GPS_GS : $GPGGA,091554.00,3635.26310,N,12734.16978,E,1,05,1.70,150.8,M,20.3,M,,*59
250801_181553,GPS_GS : $GPRMC,091555.00,A,3635.26356,N,12734.16988,E,1.708,356.22,010825,,,A*69
250801_181553,GPS_GS : $GPGGA,091555.00,3635.26356,N,12734.16988,E,1,05,1.70,150.9,M,20.3,M,,*54
250801_181554,GPS_GS : $GPRMC,091556.00,A,3635.26390,N,12734.16979,E,1.695,5.66,010825,,,A*6E
250801_181554,GPS_GS : $GPGGA,091556.00,3635.26390,N,12734.16979,E,1,05,1.70,151.3,M,20.3,M,,*58
250801_181555,GPS_GS : $GPRMC,091557.00,A,3635.26429,N,12734.16968,E,2.274,358.34,010825,,,A*6E
250801_181555,GPS_GS : $GPGGA,091557.00,3635.26429,N,12734.16968,E,1,05,1.70,151.8,M,20.3,M,,*57
250801_181556,GPS_GS : $GPRMC,091558.00,A,3635.26468,N,12734.16977,E,1.124,358.97,010825,,,A*66
250801_181556,GPS_GS : $GPGGA,091558.00,3635.26468,N,12734.16977,E,1,05,1.70,151.9,M,20.3,M,,*52
250801_181557,GPS_GS : $GPRMC,091559.00,A,3635.26505,N,12734.16961,E,1.703,354.29,010825,,,A*60
250801_181557,GPS_GS : $GPGGA,091559.00,3635.26505,N,12734.16961,E,1,05,1.70,152.1,M,20.3,M,,*55
250801_181558,GPS_GS : $GPRMC,091600.00,A,3635.26560,N,12734.16978,E,2.092,2.19,010825,,,A*6B
250801_181558,GPS_GS : $GPGGA,091600.00,3635.26560,N,12734.16978,E,1,05,1.70,152.5,M,20.3,M,,*55
250801_181559,GPS_GS : $GPRMC,091601.00,A,3635.26621,N,12734.16985,E,2.163,2.97,010825,,,A*67
250801_181559,GPS_GS : $GPGGA,091601.00,3635.26621,N,12734.16985,E,1,05,1.70,152.4,M,20.3,M,,*51
250801_181600,GPS_GS : $GPRMC,091602.00,A,3635.26693,N,12734.17006,E,2.247,6.25,010825,,,A*66
250801_181600,GPS_GS : $GPGGA,091602.00,3635.26693,N,12734.17006,E,1,05,1.70,152.8,M,20.3,M,,*54
250801_181601,GPS_GS : $GPRMC,091603.00,A,3635.26761,N,12734.17009,E,2.324,2.90,010825,,,A*6A
250801_181601,GPS_GS : $GPGGA,091603.00,3635.26761,N,12734.17009,E,1,05,1.73,152.9,M,20.3,M,,*54
250801_181602,GPS_GS : $GPRMC,091604.00,A,3635.26820,N,12734.17003,E,1.845,358.14,010825,,,A*62
250801_181602,GPS_GS : $GPGGA,091604.00,3635.26820,N,12734.17003,E,1,05,1.73,153.1,M,20.3,M,,*5A
250801_181603,GPS_GS : $GPRMC,091605.00,A,3635.26882,N,12734.17016,E,2.046,1.29,010825,,,A*66
250801_181603,GPS_GS : $GPGGA,091605.00,3635.26882,N,12734.17016,E,1,05,1.70,153.4,M,20.3,M,,*51
250801_181604,GPS_GS : $GPRMC,091606.00,A,3635.26943,N,12734.17033,E,2.079,5.23,010825,,,A*6C
250801_181604,GPS_GS : $GPGGA,091606.00,3635.26943,N,12734.17033,E,1,05,1.70,153.6,M,20.3,M,,*5B
250801_181605,GPS_GS : $GPRMC,091607.00,A,3635.26980,N,12734.17043,E,1.011,,010825,,,A*72
250801_181605,GPS_GS : $GPGGA,091607.00,3635.26980,N,12734.17043,E,1,05,1.70,154.4,M,20.3,M,,*57
250801_181606,GPS_GS : $GPRMC,091608.00,A,3635.27031,N,12734.17074,E,1.928,17.28,010825,,,A*5A
250801_181606,GPS_GS : $GPGGA,091608.00,3635.27031,N,12734.17074,E,1,05,1.70,154.6,M,20.3,M,,*5C
250801_181607,GPS_GS : $GPRMC,091609.00,A,3635.27083,N,12734.17102,E,1.958,18.05,010825,,,A*55
250801_181607,GPS_GS : $GPGGA,091609.00,3635.27083,N,12734.17102,E,1,05,1.70,154.5,M,20.3,M,,*57
250801_181608,GPS_GS : $GPRMC,091610.00,A,3635.27119,N,12734.17116,E,1.184,,010825,,,A*71
250801_181608,GPS_GS : $GPGGA,091610.00,3635.27119,N,12734.17116,E,1,05,1.70,154.5,M,20.3,M,,*58
250801_181609,GPS_GS : $GPRMC,091611.00,A,3635.27173,N,12734.17136,E,1.776,,010825,,,A*75
250801_181609,GPS_GS : $GPGGA,091611.00,3635.27173,N,12734.17136,E,1,05,1.70,154.9,M,20.3,M,,*5B
250801_181610,GPS_GS : $GPRMC,091612.00,A,3635.27234,N,12734.17165,E,2.517,,010825,,,A*76
250801_181610,GPS_GS : $GPGGA,091612.00,3635.27234,N,12734.17165,E,1,05,1.70,155.1,M,20.3,M,,*57
250801_181611,GPS_GS : $GPRMC,091613.00,A,3635.27288,N,12734.17166,E,2.088,,010825,,,A*70
250801_181611,GPS_GS : $GPGGA,091613.00,3635.27288,N,12734.17166,E,1,05,1.70,155.1,M,20.3,M,,*52
250801_181612,GPS_GS : $GPRMC,091614.00,A,3635.27331,N,12734.17185,E,1.679,14.32,010825,,,A*58
250801_181612,GPS_GS : $GPGGA,091614.00,3635.27331,N,12734.17185,E,1,05,1.70,154.6,M,20.3,M,,*5D
250801_181613,GPS_GS : $GPRMC,091615.00,A,3635.27380,N,12734.17206,E,2.016,18.46,010825,,,A*58
250801_181613,GPS_GS : $GPGGA,091615.00,3635.27380,N,12734.17206,E,1,05,1.70,154.5,M,20.3,M,,*5D
250801_181614,GPS_GS : $GPRMC,091616.00,A,3635.27410,N,12734.17225,E,1.764,26.75,010825,,,A*58
250801_181614,GPS_GS : $GPGGA,091616.00,3635.27410,N,12734.17225,E,1,05,1.73,154.1,M,20.3,M,,*56
250801_181615,GPS_GS : $GPRMC,091617.00,A,3635.27457,N,12734.17185,E,2.046,35.89,010825,,,A*56
250801_181615,GPS_GS : $GPGGA,091617.00,3635.27457,N,12734.17185,E,1,05,1.70,152.5,M,20.3,M,,*5C
250801_181616,GPS_GS : $GPRMC,091618.00,A,3635.27514,N,12734.17231,E,2.084,38.51,010825,,,A*55
250801_181616,GPS_GS : $GPGGA,091618.00,3635.27514,N,12734.17231,E,1,05,1.73,152.1,M,20.3,M,,*5E
250801_181617,GPS_GS : $GPRMC,091619.00,A,3635.27557,N,12734.17256,E,1.923,40.50,010825,,,A*5B
250801_181617,GPS_GS : $GPGGA,091619.00,3635.27557,N,12734.17256,E,1,05,1.70,151.3,M,20.3,M,,*5B
250801_181618,GPS_GS : $GPRMC,091620.00,A,3635.27556,N,12734.17299,E,2.290,44.33,010825,,,A*52
250801_181618,GPS_GS : $GPGGA,091620.00,3635.27556,N,12734.17299,E,1,05,1.70,150.2,M,20.3,M,,*53
250801_181619,GPS_GS : $GPRMC,091621.00,A,3635.27589,N,12734.17358,E,2.552,47.67,010825,,,A*56
250801_181619,GPS_GS : $GPGGA,091621.00,3635.27589,N,12734.17358,E,1,05,1.69,148.8,M,20.3,M,,*57
250801_181620,GPS_GS : $GPRMC,091622.00,A,3635.27622,N,12734.17409,E,2.334,50.88,010825,,,A*55
250801_181620,GPS_GS : $GPGGA,091622.00,3635.27622,N,12734.17409,E,1,05,1.69,148.3,M,20.3,M,,*5E
250801_181621,GPS_GS : $GPRMC,091623.00,A,3635.27653,N,12734.17449,E,2.527,51.78,010825,,,A*5C
250801_181621,GPS_GS : $GPGGA,091623.00,3635.27653,N,12734.17449,E,1,05,1.69,147.7,M,20.3,M,,*56
250801_181622,GPS_GS : $GPRMC,091624.00,A,3635.27694,N,12734.17506,E,2.169,50.25,010825,,,A*5D
250801_181622,GPS_GS : $GPGGA,091624.00,3635.27694,N,12734.17506,E,1,05,1.69,147.2,M,20.3,M,,*55
250801_181623,GPS_GS : $GPRMC,091625.00,A,3635.27737,N,12734.17559,E,2.243,47.90,010825,,,A*5D
250801_181623,GPS_GS : $GPGGA,091625.00,3635.27737,N,12734.17559,E,1,05,1.69,147.0,M,20.3,M,,*54
250801_181624,GPS_GS : $GPRMC,091626.00,A,3635.27772,N,12734.17610,E,2.041,50.21,010825,,,A*5D
250801_181624,GPS_GS : $GPGGA,091626.00,3635.27772,N,12734.17610,E,1,05,1.69,146.9,M,20.3,M,,*50
250801_181625,GPS_GS : $GPRMC,091627.00,A,3635.27806,N,12734.17657,E,2.149,48.08,010825,,,A*58
250801_181625,GPS_GS : $GPGGA,091627.00,3635.27806,N,12734.17657,E,1,05,1.69,146.7,M,20.3,M,,*50
250801_181626,GPS_GS : $GPRMC,091628.00,A,3635.27851,N,12734.17697,E,2.281,40.86,010825,,,A*50
250801_181626,GPS_GS : $GPGGA,091628.00,3635.27851,N,12734.17697,E,1,05,1.69,146.6,M,20.3,M,,*50
250801_181627,GPS_GS : $GPRMC,091629.00,A,3635.27900,N,12734.17737,E,2.326,38.23,010825,,,A*53
250801_181627,GPS_GS : $GPGGA,091629.00,3635.27900,N,12734.17737,E,1,05,1.69,146.4,M,20.3,M,,*5D
250801_181628,GPS_GS : $GPRMC,091630.00,A,3635.27940,N,12734.17781,E,2.070,35.76,010825,,,A*5F
250801_181628,GPS_GS : $GPGGA,091630.00,3635.27940,N,12734.17781,E,1,05,1.69,146.7,M,20.3,M,,*5F
250801_181629,GPS_GS : $GPRMC,091631.00,A,3635.27993,N,12734.17822,E,2.329,33.73,010825,,,A*5A
250801_181629,GPS_GS : $GPGGA,091631.00,3635.27993,N,12734.17822,E,1,05,1.69,146.7,M,20.3,M,,*56
250801_181630,GPS_GS : $GPRMC,091632.00,A,3635.28052,N,12734.17869,E,2.341,29.36,010825,,,A*59
250801_181630,GPS_GS : $GPGGA,091632.00,3635.28052,N,12734.17869,E,1,05,1.69,147.6,M,20.3,M,,*51
250801_181631,GPS_GS : $GPRMC,091633.00,A,3635.28124,N,12734.17914,E,2.210,25.33,010825,,,A*5F
250801_181631,GPS_GS : $GPGGA,091633.00,3635.28124,N,12734.17914,E,1,05,1.69,147.5,M,20.3,M,,*58
250801_181632,GPS_GS : $GPRMC,091634.00,A,3635.28198,N,12734.17944,E,2.317,19.21,010825,,,A*50
250801_181632,GPS_GS : $GPGGA,091634.00,3635.28198,N,12734.17944,E,1,05,1.69,147.0,M,20.3,M,,*58
250801_181633,GPS_GS : $GPRMC,091635.00,A,3635.28273,N,12734.17978,E,2.513,17.39,010825,,,A*5D
250801_181633,GPS_GS : $GPGGA,091635.00,3635.28273,N,12734.17978,E,1,05,1.73,147.3,M,20.3,M,,*58
250801_181634,GPS_GS : $GPRMC,091636.00,A,3635.28340,N,12734.18000,E,2.565,14.97,010825,,,A*50
250801_181634,GPS_GS : $GPGGA,091636.00,3635.28340,N,12734.18000,E,1,05,1.73,147.6,M,20.3,M,,*56
250801_181635,GPS_GS : $GPRMC,091637.00,A,3635.28415,N,12734.18028,E,2.198,12.97,010825,,,A*5C
250801_181635,GPS_GS : $GPGGA,091637.00,3635.28415,N,12734.18028,E,1,05,1.69,147.4,M,20.3,M,,*53
250801_181636,GPS_GS : $GPRMC,091638.00,A,3635.28499,N,12734.18068,E,2.355,10.90,010825,,,A*55
250801_181636,GPS_GS : $GPGGA,091638.00,3635.28499,N,12734.18068,E,1,05,1.69,147.5,M,20.3,M,,*5D
250801_181637,GPS_GS : $GPRMC,091639.00,A,3635.28571,N,12734.18079,E,2.619,7.52,010825,,,A*66
250801_181637,GPS_GS : $GPGGA,091639.00,3635.28571,N,12734.18079,E,1,05,1.69,147.5,M,20.3,M,,*5B
250801_181638,GPS_GS : $GPRMC,091640.00,A,3635.28622,N,12734.18080,E,2.615,5.98,010825,,,A*63
250801_181638,GPS_GS : $GPGGA,091640.00,3635.28622,N,12734.18080,E,1,05,1.72,147.7,M,20.3,M,,*5E
250801_181639,GPS_GS : $GPRMC,091641.00,A,3635.28692,N,12734.18084,E,2.478,4.61,010825,,,A*63
250801_181639,GPS_GS : $GPGGA,091641.00,3635.28692,N,12734.18084,E,1,05,1.72,147.7,M,20.3,M,,*50
250801_181640,GPS_GS : $GPRMC,091642.00,A,3635.28751,N,12734.18085,E,2.312,1.88,010825,,,A*66
250801_181640,GPS_GS : $GPGGA,091642.00,3635.28751,N,12734.18085,E,1,05,1.72,147.2,M,20.3,M,,*59
250801_181641,GPS_GS : $GPRMC,091643.00,A,3635.28821,N,12734.18089,E,2.436,2.45,010825,,,A*60
250801_181641,GPS_GS : $GPGGA,091643.00,3635.28821,N,12734.18089,E,1,05,1.72,147.4,M,20.3,M,,*5A
250801_181642,GPS_GS : $GPRMC,091644.00,A,3635.28888,N,12734.18100,E,2.410,5.63,010825,,,A*63
250801_181642,GPS_GS : $GPGGA,091644.00,3635.28888,N,12734.18100,E,1,05,1.72,147.6,M,20.3,M,,*5C
250801_181643,GPS_GS : $GPRMC,091645.00,A,3635.28940,N,12734.18103,E,2.146,4.60,010825,,,A*60
250801_181643,GPS_GS : $GPGGA,091645.00,3635.28940,N,12734.18103,E,1,05,1.72,147.3,M,20.3,M,,*5E
250801_181644,GPS_GS : $GPRMC,091646.00,A,3635.28991,N,12734.18109,E,1.925,5.22,010825,,,A*6C
250801_181644,GPS_GS : $GPGGA,091646.00,3635.28991,N,12734.18109,E,1,05,1.72,147.0,M,20.3,M,,*58
250801_181645,GPS_GS : $GPRMC,091647.00,A,3635.29048,N,12734.18117,E,1.980,2.12,010825,,,A*65
250801_181645,GPS_GS : $GPGGA,091647.00,3635.29048,N,12734.18117,E,1,05,1.72,147.1,M,20.3,M,,*5B
250801_181646,GPS_GS : $GPRMC,091648.00,A,3635.29109,N,12734.18122,E,2.019,2.11,010825,,,A*61
250801_181646,GPS_GS : $GPGGA,091648.00,3635.29109,N,12734.18122,E,1,05,1.72,147.5,M,20.3,M,,*52
250801_181647,GPS_GS : $GPRMC,091649.00,A,3635.29163,N,12734.18132,E,1.854,6.41,010825,,,A*6E
250801_181647,GPS_GS : $GPGGA,091649.00,3635.29163,N,12734.18132,E,1,05,1.72,147.4,M,20.3,M,,*5F
250801_181648,GPS_GS : $GPRMC,091650.00,A,3635.29241,N,12734.18157,E,2.198,6.79,010825,,,A*67
250801_181648,GPS_GS : $GPGGA,091650.00,3635.29241,N,12734.18157,E,1,05,1.72,148.1,M,20.3,M,,*5D
250801_181649,GPS_GS : $GPRMC,091651.00,A,3635.29313,N,12734.18167,E,2.152,4.34,010825,,,A*6E
250801_181649,GPS_GS : $GPGGA,091651.00,3635.29313,N,12734.18167,E,1,05,1.72,148.7,M,20.3,M,,*5F
250801_181650,GPS_GS : $GPRMC,091652.00,A,3635.29361,N,12734.18150,E,1.833,,010825,,,A*7C
250801_181650,GPS_GS : $GPGGA,091652.00,3635.29361,N,12734.18150,E,1,05,1.69,148.6,M,20.3,M,,*56
250801_181651,GPS_GS : $GPRMC,091653.00,A,3635.29422,N,12734.18170,E,1.888,6.53,010825,,,A*61
250801_181651,GPS_GS : $GPGGA,091653.00,3635.29422,N,12734.18170,E,1,05,1.69,148.9,M,20.3,M,,*5A
250801_181652,GPS_GS : $GPRMC,091654.00,A,3635.29486,N,12734.18188,E,1.880,359.28,010825,,,A*62
250801_181652,GPS_GS : $GPGGA,091654.00,3635.29486,N,12734.18188,E,1,05,1.69,148.9,M,20.3,M,,*54
250801_181653,GPS_GS : $GPRMC,091655.00,A,3635.29561,N,12734.18216,E,1.985,355.56,010825,,,A*6E
250801_181653,GPS_GS : $GPGGA,091655.00,3635.29561,N,12734.18216,E,1,05,1.69,149.3,M,20.3,M,,*52
250801_181654,GPS_GS : $GPRMC,091656.00,A,3635.29656,N,12734.18244,E,2.297,356.21,010825,,,A*65
250801_181654,GPS_GS : $GPGGA,091656.00,3635.29656,N,12734.18244,E,1,05,1.69,150.6,M,20.3,M,,*5C
250801_181655,GPS_GS : $GPRMC,091657.00,A,3635.29740,N,12734.18257,E,2.440,356.60,010825,,,A*69
250801_181655,GPS_GS : $GPGGA,091657.00,3635.29740,N,12734.18257,E,1,05,1.69,151.5,M,20.3,M,,*5B
250801_181656,GPS_GS : $GPRMC,091658.00,A,3635.29815,N,12734.18270,E,2.432,1.38,010825,,,A*65
250801_181656,GPS_GS : $GPGGA,091658.00,3635.29815,N,12734.18270,E,1,05,1.72,152.2,M,20.3,M,,*50
250801_181657,GPS_GS : $GPRMC,091659.00,A,3635.29881,N,12734.18283,E,2.479,7.14,010825,,,A*62
250801_181657,GPS_GS : $GPGGA,091659.00,3635.29881,N,12734.18283,E,1,05,1.72,152.2,M,20.3,M,,*50
250801_181658,GPS_GS : $GPRMC,091700.00,A,3635.29961,N,12734.18308,E,2.583,2.10,010825,,,A*67
250801_181658,GPS_GS : $GPGGA,091700.00,3635.29961,N,12734.18308,E,1,05,1.72,153.3,M,20.3,M,,*50
250801_181659,GPS_GS : $GPRMC,091701.00,A,3635.30002,N,12734.18315,E,2.053,359.68,010825,,,A*64
250801_181659,GPS_GS : $GPGGA,091701.00,3635.30002,N,12734.18315,E,1,05,1.69,151.9,M,20.3,M,,*5B
250801_181700,GPS_GS : $GPRMC,091702.00,A,3635.30029,N,12734.18303,E,1.940,357.31,010825,,,A*63
250801_181700,GPS_GS : $GPGGA,091702.00,3635.30029,N,12734.18303,E,1,05,1.69,150.4,M,20.3,M,,*5A
250801_181701,GPS_GS : $GPRMC,091703.00,A,3635.30080,N,12734.18303,E,1.949,0.06,010825,,,A*6D
250801_181701,GPS_GS : $GPGGA,091703.00,3635.30080,N,12734.18303,E,1,06,1.44,150.1,M,20.3,M,,*51
250801_181702,GPS_GS : $GPRMC,091704.00,A,3635.30120,N,12734.18311,E,1.940,6.46,010825,,,A*69
250801_181702,GPS_GS : $GPGGA,091704.00,3635.30120,N,12734.18311,E,1,06,1.44,149.5,M,20.3,M,,*52
250801_181703,GPS_GS : $GPRMC,091705.00,A,3635.30161,N,12734.18294,E,2.221,6.67,010825,,,A*6D
250801_181703,GPS_GS : $GPGGA,091705.00,3635.30161,N,12734.18294,E,1,06,1.44,148.9,M,20.3,M,,*57
250801_181704,GPS_GS : $GPRMC,091706.00,A,3635.30226,N,12734.18325,E,1.925,6.75,010825,,,A*6A
250801_181704,GPS_GS : $GPGGA,091706.00,3635.30226,N,12734.18325,E,1,06,1.44,148.8,M,20.3,M,,*5E
250801_181705,GPS_GS : $GPRMC,091707.00,A,3635.30250,N,12734.18318,E,2.161,3.39,010825,,,A*62
250801_181705,GPS_GS : $GPGGA,091707.00,3635.30250,N,12734.18318,E,1,06,1.44,147.3,M,20.3,M,,*54
250801_181706,GPS_GS : $GPRMC,091708.00,A,3635.30301,N,12734.18316,E,2.225,1.26,010825,,,A*69
250801_181706,GPS_GS : $GPGGA,091708.00,3635.30301,N,12734.18316,E,1,06,1.44,147.0,M,20.3,M,,*53
250801_181707,GPS_GS : $GPRMC,091709.00,A,3635.30373,N,12734.18315,E,2.331,359.61,010825,,,A*67
250801_181707,GPS_GS : $GPGGA,091709.00,3635.30373,N,12734.18315,E,1,06,1.44,147.4,M,20.3,M,,*50
250801_181708,GPS_GS : $GPRMC,091710.00,A,3635.30431,N,12734.18320,E,2.088,2.67,010825,,,A*62
250801_181708,GPS_GS : $GPGGA,091710.00,3635.30431,N,12734.18320,E,1,06,1.44,147.6,M,20.3,M,,*5D
250801_181709,GPS_GS : $GPRMC,091711.00,A,3635.30475,N,12734.18316,E,2.258,8.16,010825,,,A*65
250801_181709,GPS_GS : $GPGGA,091711.00,3635.30475,N,12734.18316,E,1,06,1.44,146.8,M,20.3,M,,*56
250801_181710,GPS_GS : $GPRMC,091712.00,A,3635.30548,N,12734.18343,E,2.623,12.32,010825,,,A*5C
250801_181710,GPS_GS : $GPGGA,091712.00,3635.30548,N,12734.18343,E,1,06,1.44,146.8,M,20.3,M,,*5A
250801_181711,GPS_GS : $GPRMC,091713.00,A,3635.30613,N,12734.18360,E,2.253,10.43,010825,,,A*56
250801_181711,GPS_GS : $GPGGA,091713.00,3635.30613,N,12734.18360,E,1,06,1.44,146.7,M,20.3,M,,*58
250801_181712,GPS_GS : $GPRMC,091714.00,A,3635.30677,N,12734.18386,E,2.339,15.53,010825,,,A*52
250801_181712,GPS_GS : $GPGGA,091714.00,3635.30677,N,12734.18386,E,1,06,1.44,146.0,M,20.3,M,,*52
250801_181713,GPS_GS : $GPRMC,091715.00,A,3635.30730,N,12734.18411,E,2.305,21.15,010825,,,A*52
250801_181713,GPS_GS : $GPGGA,091715.00,3635.30730,N,12734.18411,E,1,06,1.44,145.8,M,20.3,M,,*53
250801_181714,GPS_GS : $GPRMC,091716.00,A,3635.30790,N,12734.18451,E,2.338,23.89,010825,,,A*56
250801_181714,GPS_GS : $GPGGA,091716.00,3635.30790,N,12734.18451,E,1,06,1.44,145.5,M,20.3,M,,*53
250801_181715,GPS_GS : $GPRMC,091717.00,A,3635.30851,N,12734.18484,E,2.159,22.06,010825,,,A*5E
250801_181715,GPS_GS : $GPGGA,091717.00,3635.30851,N,12734.18484,E,1,06,1.44,145.5,M,20.3,M,,*58
250801_181716,GPS_GS : $GPRMC,091718.00,A,3635.30929,N,12734.18505,E,2.216,16.96,010825,,,A*51
250801_181716,GPS_GS : $GPGGA,091718.00,3635.30929,N,12734.18505,E,1,06,1.44,146.5,M,20.3,M,,*52
250801_181717,GPS_GS : $GPRMC,091719.00,A,3635.30997,N,12734.18527,E,2.328,16.82,010825,,,A*5C
250801_181717,GPS_GS : $GPGGA,091719.00,3635.30997,N,12734.18527,E,1,06,1.44,146.6,M,20.3,M,,*55
250801_181718,GPS_GS : $GPRMC,091720.00,A,3635.31068,N,12734.18542,E,2.506,10.36,010825,,,A*5E
250801_181718,GPS_GS : $GPGGA,091720.00,3635.31068,N,12734.18542,E,1,06,1.44,146.6,M,20.3,M,,*54
250801_181719,GPS_GS : $GPRMC,091721.00,A,3635.31138,N,12734.18559,E,2.449,10.73,010825,,,A*5A
250801_181719,GPS_GS : $GPGGA,091721.00,3635.31138,N,12734.18559,E,1,06,1.44,146.4,M,20.3,M,,*59
250801_181720,GPS_GS : $GPRMC,091722.00,A,3635.31203,N,12734.18571,E,2.400,8.74,010825,,,A*6B
250801_181720,GPS_GS : $GPGGA,091722.00,3635.31203,N,12734.18571,E,1,06,1.44,146.3,M,20.3,M,,*5C
250801_181721,GPS_GS : $GPRMC,091723.00,A,3635.31266,N,12734.18579,E,2.451,8.04,010825,,,A*62
250801_181721,GPS_GS : $GPGGA,091723.00,3635.31266,N,12734.18579,E,1,06,1.44,146.2,M,20.3,M,,*57
250801_181722,GPS_GS : $GPRMC,091724.00,A,3635.31327,N,12734.18568,E,2.277,0.43,010825,,,A*68
250801_181722,GPS_GS : $GPGGA,091724.00,3635.31327,N,12734.18568,E,1,06,1.44,146.1,M,20.3,M,,*57
250801_181723,GPS_GS : $GPRMC,091725.00,A,3635.31381,N,12734.18537,E,2.464,357.79,010825,,,A*63
250801_181723,GPS_GS : $GPGGA,091725.00,3635.31381,N,12734.18537,E,1,06,1.44,146.6,M,20.3,M,,*57
250801_181724,GPS_GS : $GPRMC,091726.00,A,3635.31434,N,12734.18536,E,2.330,357.68,010825,,,A*6E
250801_181724,GPS_GS : $GPGGA,091726.00,3635.31434,N,12734.18536,E,1,06,1.44,146.3,M,20.3,M,,*59
250801_181725,GPS_GS : $GPRMC,091727.00,A,3635.31498,N,12734.18537,E,2.381,358.16,010825,,,A*64
250801_181725,GPS_GS : $GPGGA,091727.00,3635.31498,N,12734.18537,E,1,06,1.44,146.2,M,20.3,M,,*5E
250801_181726,GPS_GS : $GPRMC,091728.00,A,3635.31548,N,12734.18543,E,2.233,2.49,010825,,,A*6A
250801_181726,GPS_GS : $GPGGA,091728.00,3635.31548,N,12734.18543,E,1,06,1.44,145.8,M,20.3,M,,*57
250801_181727,GPS_GS : $GPRMC,091729.00,A,3635.31609,N,12734.18574,E,2.099,5.24,010825,,,A*67
250801_181727,GPS_GS : $GPGGA,091729.00,3635.31609,N,12734.18574,E,1,06,1.44,145.9,M,20.3,M,,*55
250801_181728,GPS_GS : $GPRMC,091730.00,A,3635.31668,N,12734.18581,E,2.026,6.66,010825,,,A*63
250801_181728,GPS_GS : $GPGGA,091730.00,3635.31668,N,12734.18581,E,1,06,1.44,146.2,M,20.3,M,,*58
250801_181729,GPS_GS : $GPRMC,091731.00,A,3635.31714,N,12734.18567,E,2.261,7.92,010825,,,A*6B
250801_181729,GPS_GS : $GPGGA,091731.00,3635.31714,N,12734.18567,E,1,06,1.44,146.5,M,20.3,M,,*5C
250801_181730,GPS_GS : $GPRMC,091732.00,A,3635.31767,N,12734.18596,E,1.516,8.69,010825,,,A*6D
250801_181730,GPS_GS : $GPGGA,091732.00,3635.31767,N,12734.18596,E,1,06,1.44,146.7,M,20.3,M,,*57
250801_181731,GPS_GS : $GPRMC,091733.00,A,3635.31811,N,12734.18615,E,1.728,13.42,010825,,,A*56
250801_181731,GPS_GS : $GPGGA,091733.00,3635.31811,N,12734.18615,E,1,06,1.44,146.9,M,20.3,M,,*5E
250801_181732,GPS_GS : $GPRMC,091734.00,A,3635.31886,N,12734.18630,E,2.404,11.52,010825,,,A*55
250801_181732,GPS_GS : $GPGGA,091734.00,3635.31886,N,12734.18630,E,1,06,1.44,147.1,M,20.3,M,,*59
250801_181733,GPS_GS : $GPRMC,091735.00,A,3635.31944,N,12734.18638,E,1.964,8.73,010825,,,A*60
250801_181733,GPS_GS : $GPGGA,091735.00,3635.31944,N,12734.18638,E,1,06,1.44,147.4,M,20.3,M,,*5A
250801_181734,GPS_GS : $GPRMC,091736.00,A,3635.31975,N,12734.18646,E,1.220,,010825,,,A*71
250801_181734,GPS_GS : $GPGGA,091736.00,3635.31975,N,12734.18646,E,1,06,1.44,147.1,M,20.3,M,,*57
250801_181735,GPS_GS : $GPRMC,091737.00,A,3635.31994,N,12734.18636,E,0.702,,010825,,,A*7C
250801_181735,GPS_GS : $GPGGA,091737.00,3635.31994,N,12734.18636,E,1,06,1.44,147.0,M,20.3,M,,*5F
250801_181736,GPS_GS : $GPRMC,091738.00,A,3635.32056,N,12734.18621,E,1.968,,010825,,,A*72
250801_181736,GPS_GS : $GPGGA,091738.00,3635.32056,N,12734.18621,E,1,06,1.44,146.9,M,20.3,M,,*5A
250801_181737,GPS_GS : $GPRMC,091739.00,A,3635.32045,N,12734.18635,E,0.367,,010825,,,A*70
250801_181737,GPS_GS : $GPGGA,091739.00,3635.32045,N,12734.18635,E,1,05,1.87,146.7,M,20.3,M,,*5E
250801_181738,GPS_GS : $GPRMC,091740.00,A,3635.32101,N,12734.18638,E,0.983,,010825,,,A*72
250801_181738,GPS_GS : $GPGGA,091740.00,3635.32101,N,12734.18638,E,1,05,1.87,146.7,M,20.3,M,,*5C
250801_181739,GPS_GS : $GPRMC,091741.00,A,3635.32172,N,12734.18656,E,2.138,7.69,010825,,,A*63
250801_181739,GPS_GS : $GPGGA,091741.00,3635.32172,N,12734.18656,E,1,05,1.87,147.0,M,20.3,M,,*57
250801_181740,GPS_GS : $GPRMC,091742.00,A,3635.32234,N,12734.18655,E,2.345,8.97,010825,,,A*64
250801_181740,GPS_GS : $GPGGA,091742.00,3635.32234,N,12734.18655,E,1,05,1.87,147.5,M,20.3,M,,*53
250801_181741,GPS_GS : $GPRMC,091743.00,A,3635.32280,N,12734.18667,E,0.656,,010825,,,A*76
250801_181741,GPS_GS : $GPGGA,091743.00,3635.32280,N,12734.18667,E,1,05,1.87,147.6,M,20.3,M,,*5F
250801_181742,GPS_GS : $GPRMC,091744.00,A,3635.32381,N,12734.18717,E,2.077,,010825,,,A*70
250801_181742,GPS_GS : $GPGGA,091744.00,3635.32381,N,12734.18717,E,1,05,1.87,147.6,M,20.3,M,,*5E
250801_181743,GPS_GS : $GPRMC,091745.00,A,3635.32428,N,12734.18711,E,1.786,,010825,,,A*79
250801_181743,GPS_GS : $GPGGA,091745.00,3635.32428,N,12734.18711,E,1,05,1.87,147.7,M,20.3,M,,*5C
250801_181744,GPS_GS : $GPRMC,091746.00,A,3635.32473,N,12734.18723,E,1.337,,010825,,,A*7B
250801_181744,GPS_GS : $GPGGA,091746.00,3635.32473,N,12734.18723,E,1,05,1.87,147.8,M,20.3,M,,*5F
250801_181745,GPS_GS : $GPRMC,091747.00,A,3635.32544,N,12734.18742,E,1.613,,010825,,,A*7B
250801_181745,GPS_GS : $GPGGA,091747.00,3635.32544,N,12734.18742,E,1,04,2.76,147.7,M,20.3,M,,*5F
250801_181746,GPS_GS : $GPRMC,091748.00,A,3635.32579,N,12734.18747,E,0.872,,010825,,,A*77
250801_181746,GPS_GS : $GPGGA,091748.00,3635.32579,N,12734.18747,E,1,04,2.76,148.0,M,20.3,M,,*53
250801_181747,GPS_GS : $GPRMC,091749.00,A,3635.32684,N,12734.18750,E,2.505,6.51,010825,,,A*62
250801_181747,GPS_GS : $GPGGA,091749.00,3635.32684,N,12734.18750,E,1,04,2.76,148.4,M,20.3,M,,*51
250801_181748,GPS_GS : $GPRMC,091750.00,A,3635.32758,N,12734.18737,E,2.187,356.92,010825,,,A*6C
250801_181748,GPS_GS : $GPGGA,091750.00,3635.32758,N,12734.18737,E,1,05,1.68,148.2,M,20.3,M,,*53
250801_181749,GPS_GS : $GPRMC,091751.00,A,3635.32834,N,12734.18738,E,1.808,,010825,,,A*7F
250801_181749,GPS_GS : $GPGGA,091751.00,3635.32834,N,12734.18738,E,1,06,1.36,148.6,M,20.3,M,,*54
250801_181750,GPS_GS : $GPRMC,091752.00,A,3635.32925,N,12734.18714,E,1.982,1.47,010825,,,A*6C
250801_181750,GPS_GS : $GPGGA,091752.00,3635.32925,N,12734.18714,E,1,06,1.36,149.3,M,20.3,M,,*5C
250801_181751,GPS_GS : $GPRMC,091753.00,A,3635.33044,N,12734.18711,E,2.016,3.15,010825,,,A*65
250801_181751,GPS_GS : $GPGGA,091753.00,3635.33044,N,12734.18711,E,1,06,1.36,149.9,M,20.3,M,,*5D
250801_181752,GPS_GS : $GPRMC,091754.00,A,3635.33137,N,12734.18701,E,1.763,353.94,010825,,,A*6F
250801_181752,GPS_GS : $GPGGA,091754.00,3635.33137,N,12734.18701,E,1,06,1.36,150.4,M,20.3,M,,*5B
250801_181753,GPS_GS : $GPRMC,091755.00,A,3635.33200,N,12734.18669,E,2.184,354.59,010825,,,A*6C
250801_181753,GPS_GS : $GPGGA,091755.00,3635.33200,N,12734.18669,E,1,06,1.36,150.6,M,20.3,M,,*50
250801_181754,GPS_GS : $GPRMC,091756.00,A,3635.33258,N,12734.18676,E,1.813,359.69,010825,,,A*66
250801_181754,GPS_GS : $GPGGA,091756.00,3635.33258,N,12734.18676,E,1,06,1.36,150.7,M,20.3,M,,*51
250801_181755,GPS_GS : $GPRMC,091757.00,A,3635.33334,N,12734.18690,E,2.587,6.39,010825,,,A*6B
250801_181755,GPS_GS : $GPGGA,091757.00,3635.33334,N,12734.18690,E,1,06,1.36,150.9,M,20.3,M,,*5D
250801_181756,GPS_GS : $GPRMC,091758.00,A,3635.33462,N,12734.18667,E,2.062,8.55,010825,,,A*62
250801_181756,GPS_GS : $GPGGA,091758.00,3635.33462,N,12734.18667,E,1,06,1.36,150.1,M,20.3,M,,*56
250801_181757,GPS_GS : $GPRMC,091759.00,A,3635.33499,N,12734.18717,E,2.234,7.08,010825,,,A*67
250801_181757,GPS_GS : $GPGGA,091759.00,3635.33499,N,12734.18717,E,1,06,1.36,150.7,M,20.3,M,,*53
250801_181758,GPS_GS : $GPRMC,091800.00,A,3635.33575,N,12734.18725,E,2.201,3.49,010825,,,A*61
250801_181758,GPS_GS : $GPGGA,091800.00,3635.33575,N,12734.18725,E,1,06,1.36,151.0,M,20.3,M,,*54
250801_181759,GPS_GS : $GPRMC,091801.00,A,3635.33633,N,12734.18719,E,1.654,2.72,010825,,,A*60
250801_181759,GPS_GS : $GPGGA,091801.00,3635.33633,N,12734.18719,E,1,06,1.36,151.1,M,20.3,M,,*5A
250801_181800,GPS_GS : $GPRMC,091802.00,A,3635.33688,N,12734.18704,E,1.934,356.48,010825,,,A*6D
250801_181800,GPS_GS : $GPGGA,091802.00,3635.33688,N,12734.18704,E,1,06,1.36,150.3,M,20.3,M,,*56
250801_181801,GPS_GS : $GPRMC,091803.00,A,3635.33733,N,12734.18692,E,1.552,352.33,010825,,,A*67
250801_181801,GPS_GS : $GPGGA,091803.00,3635.33733,N,12734.18692,E,1,06,1.36,150.0,M,20.3,M,,*5B
250801_181802,GPS_GS : $GPRMC,091804.00,A,3635.33774,N,12734.18675,E,1.155,,010825,,,A*73
250801_181802,GPS_GS : $GPGGA,091804.00,3635.33774,N,12734.18675,E,1,07,1.05,150.0,M,20.3,M,,*57
250801_181803,GPS_GS : $GPRMC,091805.00,A,3635.33825,N,12734.18629,E,1.193,,010825,,,A*7A
250801_181803,GPS_GS : $GPGGA,091805.00,3635.33825,N,12734.18629,E,1,07,1.05,151.3,M,20.3,M,,*56
250801_181804,GPS_GS : $GPRMC,091806.00,A,3635.33844,N,12734.18605,E,0.211,,010825,,,A*78
250801_181804,GPS_GS : $GPGGA,091806.00,3635.33844,N,12734.18605,E,1,07,1.05,152.6,M,20.3,M,,*5A
250801_181805,GPS_GS : $GPRMC,091807.00,A,3635.33879,N,12734.18606,E,0.663,,010825,,,A*75
250801_181805,GPS_GS : $GPGGA,091807.00,3635.33879,N,12734.18606,E,1,07,1.05,152.2,M,20.3,M,,*52
250801_181806,GPS_GS : $GPRMC,091808.00,A,3635.33942,N,12734.18614,E,1.861,355.55,010825,,,A*60
250801_181806,GPS_GS : $GPGGA,091808.00,3635.33942,N,12734.18614,E,1,07,1.05,151.9,M,20.3,M,,*5F
250801_181807,GPS_GS : $GPRMC,091809.00,A,3635.33963,N,12734.18619,E,0.494,,010825,,,A*75
250801_181807,GPS_GS : $GPGGA,091809.00,3635.33963,N,12734.18619,E,1,07,1.05,152.3,M,20.3,M,,*59
250801_181808,GPS_GS : $GPRMC,091810.00,A,3635.33966,N,12734.18619,E,0.871,,010825,,,A*7F
250801_181808,GPS_GS : $GPGGA,091810.00,3635.33966,N,12734.18619,E,1,07,1.05,152.9,M,20.3,M,,*5E
250801_181809,GPS_GS : $GPRMC,091811.00,A,3635.33962,N,12734.18636,E,0.452,,010825,,,A*7A
250801_181809,GPS_GS : $GPGGA,091811.00,3635.33962,N,12734.18636,E,1,07,1.05,153.1,M,20.3,M,,*5F
250801_181810,GPS_GS : $GPRMC,091812.00,A,3635.33962,N,12734.18651,E,0.460,,010825,,,A*79
250801_181810,GPS_GS : $GPGGA,091812.00,3635.33962,N,12734.18651,E,1,07,1.05,153.0,M,20.3,M,,*5C
250801_181811,GPS_GS : $GPRMC,091813.00,A,3635.33945,N,12734.18662,E,0.463,,010825,,,A*7E
250801_181811,GPS_GS : $GPGGA,091813.00,3635.33945,N,12734.18662,E,1,07,1.05,152.8,M,20.3,M,,*51
250801_181812,GPS_GS : $GPRMC,091814.00,A,3635.33933,N,12734.18740,E,1.868,,010825,,,A*7F
250801_181812,GPS_GS : $GPGGA,091814.00,3635.33933,N,12734.18740,E,1,06,1.36,152.9,M,20.3,M,,*56
250801_181813,GPS_GS : $GPRMC,091815.00,A,3635.33924,N,12734.18784,E,1.472,,010825,,,A*77
250801_181813,GPS_GS : $GPGGA,091815.00,3635.33924,N,12734.18784,E,1,07,1.05,152.9,M,20.3,M,,*58
250801_181814,GPS_GS : $GPRMC,091816.00,A,3635.33953,N,12734.18929,E,3.185,,010825,,,A*72
250801_181814,GPS_GS : $GPGGA,091816.00,3635.33953,N,12734.18929,E,1,05,1.44,153.3,M,20.3,M,,*5E
250801_181815,GPS_GS : $GPRMC,091817.00,A,3635.33958,N,12734.19024,E,2.908,,010825,,,A*71
250801_181815,GPS_GS : $GPGGA,091817.00,3635.33958,N,12734.19024,E,1,03,3.82,153.1,M,20.3,M,,*5D
250801_181816,GPS_GS : $GPRMC,091818.00,A,3635.33948,N,12734.19173,E,3.623,,010825,,,A*7B
250801_181816,GPS_GS : $GPGGA,091818.00,3635.33948,N,12734.19173,E,1,02,4.89,154.4,M,20.3,M,,*5F
250801_181817,GPS_GS : $GPRMC,091819.00,A,3635.33932,N,12734.19321,E,3.926,,010825,,,A*78
250801_181817,GPS_GS : $GPGGA,091819.00,3635.33932,N,12734.19321,E,1,02,4.89,154.5,M,20.3,M,,*57
250801_181818,GPS_GS : $GPRMC,091820.00,A,3635.33932,N,12734.19305,E,2.009,,010825,,,A*71
250801_181818,GPS_GS : $GPGGA,091820.00,3635.33932,N,12734.19305,E,1,02,4.89,154.5,M,20.3,M,,*5B
250801_181819,GPS_GS : $GPRMC,091821.00,V,,,,,,,010825,,,N*70
250801_181819,GPS_GS : $GPGGA,091821.00,,,,,0,00,99.99,,,,,,*65
250801_181820,GPS_GS : $GPRMC,091822.00,V,,,,,,,010825,,,N*73
250801_181820,GPS_GS : $GPGGA,091822.00,,,,,0,00,99.99,,,,,,*66
250801_181821,GPS_GS : $GPRMC,091823.00,V,,,,,,,010825,,,N*72
250801_181821,GPS_GS : $GPGGA,091823.00,,,,,0,00,99.99,,,,,,*67
250801_181822,GPS_GS : $GPRMC,091824.00,A,3635.33712,N,12734.19357,E,2.487,,010825,,,A*7C
250801_181822,GPS_GS : $GPGGA,091824.00,3635.33712,N,12734.19357,E,1,02,4.09,154.5,M,20.3,M,,*5C
250801_181823,GPS_GS : $GPRMC,091825.00,A,3635.33520,N,12734.18937,E,3.832,,010825,,,A*70
250801_181823,GPS_GS : $GPGGA,091825.00,3635.33520,N,12734.18937,E,1,02,4.08,154.6,M,20.3,M,,*51
250801_181824,GPS_GS : $GPRMC,091826.00,A,3635.33277,N,12734.18563,E,6.036,,010825,,,A*72
250801_181824,GPS_GS : $GPGGA,091826.00,3635.33277,N,12734.18563,E,1,02,4.08,154.7,M,20.3,M,,*5B
250801_181825,GPS_GS : $GPRMC,091827.00,V,,,,,,,010825,,,N*76
250801_181825,GPS_GS : $GPGGA,091827.00,,,,,0,00,99.99,,,,,,*63
250801_181826,GPS_GS : $GPRMC,091828.00,V,,,,,,,010825,,,N*79
250801_181826,GPS_GS : $GPGGA,091828.00,,,,,0,00,99.99,,,,,,*6C
250801_181827,GPS_GS : $GPRMC,091829.00,V,,,,,,,010825,,,N*78
250801_181827,GPS_GS : $GPGGA,091829.00,,,,,0,00,99.99,,,,,,*6D
250801_181828,GPS_GS : $GPRMC,091830.00,V,,,,,,,010825,,,N*70
250801_181828,GPS_GS : $GPGGA,091830.00,,,,,0,00,99.99,,,,,,*65
250801_181829,GPS_GS : $GPRMC,091831.00,V,,,,,,,010825,,,N*71
250801_181829,GPS_GS : $GPGGA,091831.00,,,,,0,00,99.99,,,,,,*64
250801_181830,GPS_GS : $GPRMC,091832.00,V,,,,,,,010825,,,N*72
250801_181830,GPS_GS : $GPGGA,091832.00,,,,,0,00,99.99,,,,,,*67
250801_181831,GPS_GS : $GPRMC,091833.00,V,,,,,,,010825,,,N*73
250801_181831,GPS_GS : $GPGGA,091833.00,,,,,0,00,99.99,,,,,,*66
250801_181832,GPS_GS : $GPRMC,091834.00,V,,,,,,,010825,,,N*74
250801_181832,GPS_GS : $GPGGA,091834.00,,,,,0,00,99.99,,,,,,*61
250801_181833,GPS_GS : $GPRMC,091835.00,V,,,,,,,010825,,,N*75
250801_181833,GPS_GS : $GPGGA,091835.00,,,,,0,00,99.99,,,,,,*60
250801_181834,GPS_GS : $GPRMC,091836.00,V,,,,,,,010825,,,N*76
250801_181834,GPS_GS : $GPGGA,091836.00,,,,,0,00,99.99,,,,,,*63
250801_181835,GPS_GS : $GPRMC,091837.00,V,,,,,,,010825,,,N*77
250801_181835,GPS_GS : $GPGGA,091837.00,,,,,0,00,99.99,,,,,,*62
250801_181836,GPS_GS : $GPRMC,091838.00,V,,,,,,,010825,,,N*78
250801_181836,GPS_GS : $GPGGA,091838.00,,,,,0,00,99.99,,,,,,*6D
250801_181837,GPS_GS : $GPRMC,091839.00,V,,,,,,,010825,,,N*79
250801_181837,GPS_GS : $GPGGA,091839.00,,,,,0,00,99.99,,,,,,*6C
250801_181838,GPS_GS : $GPRMC,091840.00,V,,,,,,,010825,,,N*77
250801_181838,GPS_GS : $GPGGA,091840.00,,,,,0,00,99.99,,,,,,*62
250801_181839,GPS_GS : $GPRMC,091841.00,V,,,,,,,010825,,,N*76
250801_181839,GPS_GS : $GPGGA,091841.00,,,,,0,00,99.99,,,,,,*63
250801_181840,GPS_GS : $GPRMC,091842.00,V,,,,,,,010825,,,N*75
250801_181840,GPS_GS : $GPGGA,091842.00,,,,,0,00,99.99,,,,,,*60
250801_181841,GPS_GS : $GPRMC,091843.00,V,,,,,,,010825,,,N*74
250801_181841,GPS_GS : $GPGGA,091843.00,,,,,0,00,99.99,,,,,,*61
250801_181842,GPS_GS : $GPRMC,091844.00,V,,,,,,,010825,,,N*73
250801_181842,GPS_GS : $GPGGA,091844.00,,,,,0,00,99.99,,,,,,*66
250801_181843,GPS_GS : $GPRMC,091845.00,V,,,,,,,010825,,,N*72
250801_181843,GPS_GS : $GPGGA,091845.00,,,,,0,00,99.99,,,,,,*67
250801_181844,GPS_GS : $GPRMC,091846.00,V,,,,,,,010825,,,N*71
250801_181844,GPS_GS : $GPGGA,091846.00,,,,,0,00,99.99,,,,,,*64
250801_181845,GPS_GS : $GPRMC,091847.00,V,,,,,,,010825,,,N*70
250801_181845,GPS_GS : $GPGGA,091847.00,,,,,0,00,99.99,,,,,,*65
250801_181846,GPS_GS : $GPRMC,091848.00,V,,,,,,,010825,,,N*7F
250801_181846,GPS_GS : $GPGGA,091848.00,,,,,0,00,99.99,,,,,,*6A
250801_181847,GPS_GS : $GPRMC,091849.00,V,,,,,,,010825,,,N*7E
250801_181847,GPS_GS : $GPGGA,091849.00,,,,,0,00,99.99,,,,,,*6B
250801_181848,GPS_GS : $GPRMC,091850.00,V,,,,,,,010825,,,N*76
250801_181848,GPS_GS : $GPGGA,091850.00,,,,,0,00,99.99,,,,,,*63
250801_181849,GPS_GS : $GPRMC,091851.00,V,,,,,,,010825,,,N*77
250801_181849,GPS_GS : $GPGGA,091851.00,,,,,0,00,99.99,,,,,,*62
250801_181850,GPS_GS : $GPRMC,091852.00,V,,,,,,,010825,,,N*74
250801_181850,GPS_GS : $GPGGA,091852.00,,,,,0,00,99.99,,,,,,*61
250801_181851,GPS_GS : $GPRMC,091853.00,V,,,,,,,010825,,,N*75
250801_181851,GPS_GS : $GPGGA,091853.00,,,,,0,00,99.99,,,,,,*60
250801_181852,GPS_GS : $GPRMC,091854.00,V,,,,,,,010825,,,N*72
250801_181852,GPS_GS : $GPGGA,091854.00,,,,,0,00,99.99,,,,,,*67
250801_181853,GPS_GS : $GPRMC,091855.00,V,,,,,,,010825,,,N*73
250801_181853,GPS_GS : $GPGGA,091855.00,,,,,0,00,99.99,,,,,,*66
250801_181854,GPS_GS : $GPRMC,091856.00,V,,,,,,,010825,,,N*70
250801_181854,GPS_GS : $GPGGA,091856.00,,,,,0,00,99.99,,,,,,*65
250801_181855,GPS_GS : $GPRMC,091857.00,V,,,,,,,010825,,,N*71
250801_181855,GPS_GS : $GPGGA,091857.00,,,,,0,00,99.99,,,,,,*64
250801_181856,GPS_GS : $GPRMC,091858.00,V,,,,,,,010825,,,N*7E
250801_181856,GPS_GS : $GPGGA,091858.00,,,,,0,00,99.99,,,,,,*6B
250801_181857,GPS_GS : $GPRMC,091859.00,V,,,,,,,010825,,,N*7F
250801_181857,GPS_GS : $GPGGA,091859.00,,,,,0,00,99.99,,,,,,*6A
250801_181858,GPS_GS : $GPRMC,091900.00,V,,,,,,,010825,,,N*72
250801_181858,GPS_GS : $GPGGA,091900.00,,,,,0,00,99.99,,,,,,*67
250801_181859,GPS_GS : $GPRMC,091901.00,V,,,,,,,010825,,,N*73
250801_181859,GPS_GS : $GPGGA,091901.00,,,,,0,00,99.99,,,,,,*66
250801_181900,GPS_GS : $GPRMC,091902.00,V,,,,,,,010825,,,N*70
250801_181900,GPS_GS : $GPGGA,091902.00,,,,,0,00,99.99,,,,,,*65
250801_181901,GPS_GS : $GPRMC,091903.00,V,,,,,,,010825,,,N*71
250801_181901,GPS_GS : $GPGGA,091903.00,,,,,0,00,99.99,,,,,,*64
250801_181902,GPS_GS : $GPRMC,091904.00,V,,,,,,,010825,,,N*76
250801_181902,GPS_GS : $GPGGA,091904.00,,,,,0,00,99.99,,,,,,*63
250801_181903,GPS_GS : $GPRMC,091905.00,V,,,,,,,010825,,,N*77
250801_181903,GPS_GS : $GPGGA,091905.00,,,,,0,00,99.99,,,,,,*62
250801_181904,GPS_GS : $GPRMC,091906.00,V,,,,,,,010825,,,N*74
250801_181904,GPS_GS : $GPGGA,091906.00,,,,,0,00,99.99,,,,,,*61
250801_181905,GPS_GS : $GPRMC,091907.00,V,,,,,,,010825,,,N*75
250801_181905,GPS_GS : $GPGGA,091907.00,,,,,0,00,99.99,,,,,,*60
250801_181906,GPS_GS : $GPRMC,091908.00,V,,,,,,,010825,,,N*7A
250801_181906,GPS_GS : $GPGGA,091908.00,,,,,0,00,99.99,,,,,,*6F
250801_181907,GPS_GS : $GPRMC,091909.00,V,,,,,,,010825,,,N*7B
250801_181907,GPS_GS : $GPGGA,091909.00,,,,,0,00,99.99,,,,,,*6E
250801_181908,GPS_GS : $GPRMC,091910.00,V,,,,,,,010825,,,N*73
250801_181908,GPS_GS : $GPGGA,091910.00,,,,,0,00,99.99,,,,,,*66
250801_181909,GPS_GS : $GPRMC,091911.00,V,,,,,,,010825,,,N*72
250801_181909,GPS_GS : $GPGGA,091911.00,,,,,0,00,99.99,,,,,,*67
250801_181910,GPS_GS : $GPRMC,091912.00,V,,,,,,,010825,,,N*71
250801_181910,GPS_GS : $GPGGA,091912.00,,,,,0,00,99.99,,,,,,*64
250801_181911,GPS_GS : $GPRMC,091913.00,V,,,,,,,010825,,,N*70
250801_181911,GPS_GS : $GPGGA,091913.00,,,,,0,00,99.99,,,,,,*65
250801_181912,GPS_GS : $GPRMC,091914.00,V,,,,,,,010825,,,N*77
250801_181912,GPS_GS : $GPGGA,091914.00,,,,,0,00,99.99,,,,,,*62
250801_181913,GPS_GS : $GPRMC,091915.00,V,,,,,,,010825,,,N*76
250801_181913,GPS_GS : $GPGGA,091915.00,,,,,0,00,99.99,,,,,,*63
250801_181914,GPS_GS : $GPRMC,091916.00,V,,,,,,,010825,,,N*75
250801_181914,GPS_GS : $GPGGA,091916.00,,,,,0,00,99.99,,,,,,*60
250801_181915,GPS_GS : $GPRMC,091917.00,V,,,,,,,010825,,,N*74
250801_181915,GPS_GS : $GPGGA,091917.00,,,,,0,00,99.99,,,,,,*61
250801_181916,GPS_GS : $GPRMC,091918.00,V,,,,,,,010825,,,N*7B
250801_181916,GPS_GS : $GPGGA,091918.00,,,,,0,00,99.99,,,,,,*6E
250801_181917,GPS_GS : $GPRMC,091919.00,V,,,,,,,010825,,,N*7A
250801_181917,GPS_GS : $GPGGA,091919.00,,,,,0,00,99.99,,,,,,*6F
250801_181918,GPS_GS : $GPRMC,091920.00,V,,,,,,,010825,,,N*70
250801_181918,GPS_GS : $GPGGA,091920.00,,,,,0,00,99.99,,,,,,*65
250801_181919,GPS_GS : $GPRMC,091921.00,V,,,,,,,010825,,,N*71
250801_181919,GPS_GS : $GPGGA,091921.00,,,,,0,00,99.99,,,,,,*64
250801_181920,GPS_GS : $GPRMC,091922.00,V,,,,,,,010825,,,N*72
250801_181920,GPS_GS : $GPGGA,091922.00,,,,,0,00,99.99,,,,,,*67
250801_181921,GPS_GS : $GPRMC,091923.00,V,,,,,,,010825,,,N*73
250801_181921,GPS_GS : $GPGGA,091923.00,,,,,0,00,99.99,,,,,,*66
250801_181922,GPS_GS : $GPRMC,091924.00,V,,,,,,,010825,,,N*74
250801_181922,GPS_GS : $GPGGA,091924.00,,,,,0,00,99.99,,,,,,*61
250801_181923,GPS_GS : $GPRMC,091925.00,V,,,,,,,010825,,,N*75
250801_181923,GPS_GS : $GPGGA,091925.00,,,,,0,00,99.99,,,,,,*60
250801_181924,GPS_GS : $GPRMC,091926.00,V,,,,,,,010825,,,N*76
250801_181924,GPS_GS : $GPGGA,091926.00,,,,,0,00,99.99,,,,,,*63
250801_181925,GPS_GS : $GPRMC,091927.00,V,,,,,,,010825,,,N*77
250801_181925,GPS_GS : $GPGGA,091927.00,,,,,0,00,99.99,,,,,,*62
250801_181926,GPS_GS : $GPRMC,091928.00,V,,,,,,,010825,,,N*78
250801_181926,GPS_GS : $GPGGA,091928.00,,,,,0,00,99.99,,,,,,*6D
250801_181927,GPS_GS : $GPRMC,091929.00,V,,,,,,,010825,,,N*79
250801_181927,GPS_GS : $GPGGA,091929.00,,,,,0,00,99.99,,,,,,*6C
250801_181928,GPS_GS : $GPRMC,091930.00,V,,,,,,,010825,,,N*71
250801_181928,GPS_GS : $GPGGA,091930.00,,,,,0,00,99.99,,,,,,*64
250801_181929,GPS_GS : $GPRMC,091931.00,V,,,,,,,010825,,,N*70
250801_181929,GPS_GS : $GPGGA,091931.00,,,,,0,00,99.99,,,,,,*65
250801_181930,GPS_GS : $GPRMC,091932.00,V,,,,,,,010825,,,N*73
250801_181930,GPS_GS : $GPGGA,091932.00,,,,,0,00,99.99,,,,,,*66
250801_181931,GPS_GS : $GPRMC,091933.00,V,,,,,,,010825,,,N*72
250801_181931,GPS_GS : $GPGGA,091933.00,,,,,0,00,99.99,,,,,,*67
250801_181932,GPS_GS : $GPRMC,091934.00,V,,,,,,,010825,,,N*75
250801_181932,GPS_GS : $GPGGA,091934.00,,,,,0,00,99.99,,,,,,*60
250801_181933,GPS_GS : $GPRMC,091935.00,V,,,,,,,010825,,,N*74
250801_181933,GPS_GS : $GPGGA,091935.00,,,,,0,00,99.99,,,,,,*61
250801_181934,GPS_GS : $GPRMC,091936.00,V,,,,,,,010825,,,N*77
250801_181934,GPS_GS : $GPGGA,091936.00,,,,,0,00,99.99,,,,,,*62
250801_181935,GPS_GS : $GPRMC,091937.00,V,,,,,,,010825,,,N*76
250801_181935,GPS_GS : $GPGGA,091937.00,,,,,0,00,99.99,,,,,,*63
250801_181936,GPS_GS : $GPRMC,091938.00,V,,,,,,,010825,,,N*79
250801_181936,GPS_GS : $GPGGA,091938.00,,,,,0,00,99.99,,,,,,*6C
250801_181937,GPS_GS : $GPRMC,091939.00,V,,,,,,,010825,,,N*78
250801_181937,GPS_GS : $GPGGA,091939.00,,,,,0,00,99.99,,,,,,*6D
250801_181938,GPS_GS : $GPRMC,091940.00,V,,,,,,,010825,,,N*76
250801_181938,GPS_GS : $GPGGA,091940.00,,,,,0,00,99.99,,,,,,*63
250801_181939,GPS_GS : $GPRMC,091941.00,V,,,,,,,010825,,,N*77
250801_181939,GPS_GS : $GPGGA,091941.00,,,,,0,00,99.99,,,,,,*62
250801_181940,GPS_GS : $GPRMC,091942.00,V,,,,,,,010825,,,N*74
250801_181940,GPS_GS : $GPGGA,091942.00,,,,,0,00,99.99,,,,,,*61
250801_181941,GPS_GS : $GPRMC,091943.00,V,,,,,,,010825,,,N*75
250801_181941,GPS_GS : $GPGGA,091943.00,,,,,0,00,99.99,,,,,,*60
250801_181942,GPS_GS : $GPRMC,091944.00,V,,,,,,,010825,,,N*72
250801_181942,GPS_GS : $GPGGA,091944.00,,,,,0,00,99.99,,,,,,*67
250801_181943,GPS_GS : $GPRMC,091945.00,V,,,,,,,010825,,,N*73
250801_181943,GPS_GS : $GPGGA,091945.00,,,,,0,00,99.99,,,,,,*66
250801_181944,GPS_GS : $GPRMC,091946.00,V,,,,,,,010825,,,N*70
250801_181944,GPS_GS : $GPGGA,091946.00,,,,,0,00,99.99,,,,,,*65
250801_181945,GPS_GS : $GPRMC,091947.00,V,,,,,,,010825,,,N*71
250801_181945,GPS_GS : $GPGGA,091947.00,,,,,0,00,99.99,,,,,,*64
250801_181946,GPS_GS : $GPRMC,091948.00,V,,,,,,,010825,,,N*7E
250801_181946,GPS_GS : $GPGGA,091948.00,,,,,0,00,99.99,,,,,,*6B
250801_181947,GPS_GS : $GPRMC,091949.00,V,,,,,,,010825,,,N*7F
250801_181947,GPS_GS : $GPGGA,091949.00,,,,,0,00,99.99,,,,,,*6A
250801_181948,GPS_GS : $GPRMC,091950.00,V,,,,,,,010825,,,N*77
250801_181948,GPS_GS : $GPGGA,091950.00,,,,,0,00,99.99,,,,,,*62
250801_181949,GPS_GS : $GPRMC,091951.00,V,,,,,,,010825,,,N*76
250801_181949,GPS_GS : $GPGGA,091951.00,,,,,0,00,99.99,,,,,,*63
250801_181950,GPS_GS : $GPRMC,091952.00,V,,,,,,,010825,,,N*75
250801_181950,GPS_GS : $GPGGA,091952.00,,,,,0,00,99.99,,,,,,*60
250801_181951,GPS_GS : $GPRMC,091953.00,V,,,,,,,010825,,,N*74
250801_181951,GPS_GS : $GPGGA,091953.00,,,,,0,00,99.99,,,,,,*61
250801_181952,GPS_GS : $GPRMC,091954.00,V,,,,,,,010825,,,N*73
250801_181952,GPS_GS : $GPGGA,091954.00,,,,,0,00,99.99,,,,,,*66
250801_181953,GPS_GS : $GPRMC,091955.00,V,,,,,,,010825,,,N*72
250801_181953,GPS_GS : $GPGGA,091955.00,,,,,0,00,99.99,,,,,,*67
250801_181954,GPS_GS : $GPRMC,091956.00,V,,,,,,,010825,,,N*71
250801_181954,GPS_GS : $GPGGA,091956.00,,,,,0,00,99.99,,,,,,*64
250801_181955,GPS_GS : $GPRMC,091957.00,V,,,,,,,010825,,,N*70
250801_181955,GPS_GS : $GPGGA,091957.00,,,,,0,00,99.99,,,,,,*65
250801_181956,GPS_GS : $GPRMC,091958.00,V,,,,,,,010825,,,N*7F
250801_181956,GPS_GS : $GPGGA,091958.00,,,,,0,00,99.99,,,,,,*6A
250801_181957,GPS_GS : $GPRMC,091959.00,V,,,,,,,010825,,,N*7E
250801_181957,GPS_GS : $GPGGA,091959.00,,,,,0,00,99.99,,,,,,*6B
250801_181958,GPS_GS : $GPRMC,092000.00,V,,,,,,,010825,,,N*78
250801_181958,GPS_GS : $GPGGA,092000.00,,,,,0,00,99.99,,,,,,*6D
250801_181959,GPS_GS : $GPRMC,092001.00,V,,,,,,,010825,,,N*79
250801_181959,GPS_GS : $GPGGA,092001.00,,,,,0,00,99.99,,,,,,*6C
250801_182000,GPS_GS : $GPRMC,092002.00,V,,,,,,,010825,,,N*7A
250801_182000,GPS_GS : $GPGGA,092002.00,,,,,0,00,99.99,,,,,,*6F
250801_182001,GPS_GS : $GPRMC,092003.00,V,,,,,,,010825,,,N*7B
250801_182001,GPS_GS : $GPGGA,092003.00,,,,,0,00,99.99,,,,,,*6E
250801_182002,GPS_GS : $GPRMC,092004.00,V,,,,,,,010825,,,N*7C
250801_182002,GPS_GS : $GPGGA,092004.00,,,,,0,00,99.99,,,,,,*69
250801_182003,GPS_GS : $GPRMC,092005.00,V,,,,,,,010825,,,N*7D
250801_182003,GPS_GS : $GPGGA,092005.00,,,,,0,00,99.99,,,,,,*68
250801_182004,GPS_GS : $GPRMC,092006.00,V,,,,,,,010825,,,N*7E
250801_182004,GPS_GS : $GPGGA,092006.00,,,,,0,00,99.99,,,,,,*6B
250801_182005,GPS_GS : $GPRMC,092007.00,V,,,,,,,010825,,,N*7F
250801_182005,GPS_GS : $GPGGA,092007.00,,,,,0,00,99.99,,,,,,*6A
250801_182006,GPS_GS : $GPRMC,092008.00,V,,,,,,,010825,,,N*70
250801_182006,GPS_GS : $GPGGA,092008.00,,,,,0,00,99.99,,,,,,*65
250801_182007,GPS_GS : $GPRMC,092009.00,V,,,,,,,010825,,,N*71
250801_182007,GPS_GS : $GPGGA,092009.00,,,,,0,00,99.99,,,,,,*64
250801_182008,GPS_GS : $GPRMC,092010.00,V,,,,,,,010825,,,N*79
250801_182008,GPS_GS : $GPGGA,092010.00,,,,,0,00,99.99,,,,,,*6C
250801_182009,GPS_GS : $GPRMC,092011.00,V,,,,,,,010825,,,N*78
250801_182009,GPS_GS : $GPGGA,092011.00,,,,,0,00,99.99,,,,,,*6D
250801_182010,GPS_GS : $GPRMC,092012.00,V,,,,,,,010825,,,N*7B
250801_182010,GPS_GS : $GPGGA,092012.00,,,,,0,00,99.99,,,,,,*6E
250801_182011,GPS_GS : $GPRMC,092013.00,V,,,,,,,010825,,,N*7A
250801_182011,GPS_GS : $GPGGA,092013.00,,,,,0,00,99.99,,,,,,*6F
250801_182012,GPS_GS : $GPRMC,092014.00,V,,,,,,,010825,,,N*7D
250801_182012,GPS_GS : $GPGGA,092014.00,,,,,0,00,99.99,,,,,,*68
250801_182013,GPS_GS : $GPRMC,092015.00,V,,,,,,,010825,,,N*7C
250801_182013,GPS_GS : $GPGGA,092015.00,,,,,0,00,99.99,,,,,,*69
250801_182014,GPS_GS : $GPRMC,092016.00,V,,,,,,,010825,,,N*7F
250801_182014,GPS_GS : $GPGGA,092016.00,,,,,0,00,99.99,,,,,,*6A
250801_182015,GPS_GS : $GPRMC,092017.00,V,,,,,,,010825,,,N*7E
250801_182015,GPS_GS : $GPGGA,092017.00,,,,,0,00,99.99,,,,,,*6B
250801_182016,GPS_GS : $GPRMC,092018.00,V,,,,,,,010825,,,N*71
250801_182016,GPS_GS : $GPGGA,092018.00,,,,,0,00,99.99,,,,,,*64
250801_182017,GPS_GS : $GPRMC,092019.00,V,,,,,,,010825,,,N*70
250801_182017,GPS_GS : $GPGGA,092019.00,,,,,0,00,99.99,,,,,,*65
250801_182018,GPS_GS : $GPRMC,092020.00,V,,,,,,,010825,,,N*7A
250801_182018,GPS_GS : $GPGGA,092020.00,,,,,0,00,99.99,,,,,,*6F
250801_182019,GPS_GS : $GPRMC,092021.00,V,,,,,,,010825,,,N*7B
250801_182019,GPS_GS : $GPGGA,092021.00,,,,,0,00,99.99,,,,,,*6E
250801_182020,GPS_GS : $GPRMC,092022.00,V,,,,,,,010825,,,N*78
250801_182020,GPS_GS : $GPGGA,092022.00,,,,,0,00,99.99,,,,,,*6D
250801_182021,GPS_GS : $GPRMC,092023.00,V,,,,,,,010825,,,N*79
250801_182021,GPS_GS : $GPGGA,092023.00,,,,,0,00,99.99,,,,,,*6C
250801_182022,GPS_GS : $GPRMC,092024.00,V,,,,,,,010825,,,N*7E
250801_182022,GPS_GS : $GPGGA,092024.00,,,,,0,00,99.99,,,,,,*6B
250801_182023,GPS_GS : $GPRMC,092025.00,V,,,,,,,010825,,,N*7F
250801_182023,GPS_GS : $GPGGA,092025.00,,,,,0,00,99.99,,,,,,*6A
250801_182024,GPS_GS : $GPRMC,092026.00,V,,,,,,,010825,,,N*7C
250801_182024,GPS_GS : $GPGGA,092026.00,,,,,0,00,99.99,,,,,,*69
250801_182025,GPS_GS : $GPRMC,092027.00,V,,,,,,,010825,,,N*7D
250801_182025,GPS_GS : $GPGGA,092027.00,,,,,0,00,99.99,,,,,,*68
250801_182026,GPS_GS : $GPRMC,092028.00,V,,,,,,,010825,,,N*72
250801_182026,GPS_GS : $GPGGA,092028.00,,,,,0,00,99.99,,,,,,*67
250801_182027,GPS_GS : $GPRMC,092029.00,V,,,,,,,010825,,,N*73
250801_182027,GPS_GS : $GPGGA,092029.00,,,,,0,00,99.99,,,,,,*66
250801_182028,GPS_GS : $GPRMC,092030.00,V,,,,,,,010825,,,N*7B
250801_182028,GPS_GS : $GPGGA,092030.00,,,,,0,00,99.99,,,,,,*6E
250801_182029,GPS_GS : $GPRMC,092031.00,V,,,,,,,010825,,,N*7A
250801_182029,GPS_GS : $GPGGA,092031.00,,,,,0,00,99.99,,,,,,*6F
250801_182030,GPS_GS : $GPRMC,092032.00,V,,,,,,,010825,,,N*79
250801_182030,GPS_GS : $GPGGA,092032.00,,,,,0,00,99.99,,,,,,*6C
250801_182031,GPS_GS : $GPRMC,092033.00,V,,,,,,,010825,,,N*78
250801_182031,GPS_GS : $GPGGA,092033.00,,,,,0,00,99.99,,,,,,*6D
250801_182032,GPS_GS : $GPRMC,092034.00,V,,,,,,,010825,,,N*7F
250801_182032,GPS_GS : $GPGGA,092034.00,,,,,0,00,99.99,,,,,,*6A
250801_182033,GPS_GS : $GPRMC,092035.00,V,,,,,,,010825,,,N*7E
250801_182033,GPS_GS : $GPGGA,092035.00,,,,,0,00,99.99,,,,,,*6B
250801_182034,GPS_GS : $GPRMC,092036.00,V,,,,,,,010825,,,N*7D
250801_182034,GPS_GS : $GPGGA,092036.00,,,,,0,00,99.99,,,,,,*68
250801_182035,GPS_GS : $GPRMC,092037.00,V,,,,,,,010825,,,N*7C
250801_182035,GPS_GS : $GPGGA,092037.00,,,,,0,00,99.99,,,,,,*69
250801_182036,GPS_GS : $GPRMC,092038.00,V,,,,,,,010825,,,N*73
250801_182036,GPS_GS : $GPGGA,092038.00,,,,,0,00,99.99,,,,,,*66
250801_182037,GPS_GS : $GPRMC,092039.00,V,,,,,,,010825,,,N*72
250801_182037,GPS_GS : $GPGGA,092039.00,,,,,0,00,99.99,,,,,,*67
250801_182038,GPS_GS : $GPRMC,092040.00,V,,,,,,,010825,,,N*7C
250801_182038,GPS_GS : $GPGGA,092040.00,,,,,0,00,99.99,,,,,,*69
250801_182039,GPS_GS : $GPRMC,092041.00,V,,,,,,,010825,,,N*7D
250801_182039,GPS_GS : $GPGGA,092041.00,,,,,0,00,99.99,,,,,,*68
250801_182040,GPS_GS : $GPRMC,092042.00,V,,,,,,,010825,,,N*7E
250801_182040,GPS_GS : $GPGGA,092042.00,,,,,0,00,99.99,,,,,,*6B
250801_182041,GPS_GS : $GPRMC,092043.00,V,,,,,,,010825,,,N*7F
250801_182041,GPS_GS : $GPGGA,092043.00,,,,,0,00,99.99,,,,,,*6A
250801_182042,GPS_GS : $GPRMC,092044.00,V,,,,,,,010825,,,N*78
250801_182042,GPS_GS : $GPGGA,092044.00,,,,,0,00,99.99,,,,,,*6D
250801_182043,GPS_GS : $GPRMC,092045.00,V,,,,,,,010825,,,N*79
250801_182043,GPS_GS : $GPGGA,092045.00,,,,,0,00,99.99,,,,,,*6C
250801_182044,GPS_GS : $GPRMC,092046.00,V,,,,,,,010825,,,N*7A
250801_182044,GPS_GS : $GPGGA,092046.00,,,,,0,00,99.99,,,,,,*6F
250801_182045,GPS_GS : $GPRMC,092047.00,V,,,,,,,010825,,,N*7B
250801_182045,GPS_GS : $GPGGA,092047.00,,,,,0,00,99.99,,,,,,*6E
250801_182046,GPS_GS : $GPRMC,092048.00,V,,,,,,,010825,,,N*74
250801_182046,GPS_GS : $GPGGA,092048.00,,,,,0,00,99.99,,,,,,*61
250801_182047,GPS_GS : $GPRMC,092049.00,V,,,,,,,010825,,,N*75
250801_182047,GPS_GS : $GPGGA,092049.00,,,,,0,00,99.99,,,,,,*60
250801_182048,GPS_GS : $GPRMC,092050.00,V,,,,,,,010825,,,N*7D
250801_182048,GPS_GS : $GPGGA,092050.00,,,,,0,00,99.99,,,,,,*68
250801_182049,GPS_GS : $GPRMC,092051.00,V,,,,,,,010825,,,N*7C
250801_182049,GPS_GS : $GPGGA,092051.00,,,,,0,00,99.99,,,,,,*69
250801_182050,GPS_GS : $GPRMC,092052.00,V,,,,,,,010825,,,N*7F
250801_182050,GPS_GS : $GPGGA,092052.00,,,,,0,00,99.99,,,,,,*6A
250801_182051,GPS_GS : $GPRMC,092053.00,V,,,,,,,010825,,,N*7E
250801_182051,GPS_GS : $GPGGA,092053.00,,,,,0,00,99.99,,,,,,*6B
250801_182052,GPS_GS : $GPRMC,092054.00,V,,,,,,,010825,,,N*79
250801_182052,GPS_GS : $GPGGA,092054.00,,,,,0,00,99.99,,,,,,*6C
250801_182053,GPS_GS : $GPRMC,092055.00,V,,,,,,,010825,,,N*78
250801_182053,GPS_GS : $GPGGA,092055.00,,,,,0,00,99.99,,,,,,*6D
250801_182054,GPS_GS : $GPRMC,092056.00,V,,,,,,,010825,,,N*7B
250801_182054,GPS_GS : $GPGGA,092056.00,,,,,0,00,99.99,,,,,,*6E
250801_182055,GPS_GS : $GPRMC,092057.00,V,,,,,,,010825,,,N*7A
250801_182055,GPS_GS : $GPGGA,092057.00,,,,,0,00,99.99,,,,,,*6F
250801_182056,GPS_GS : $GPRMC,092058.00,V,,,,,,,010825,,,N*75
250801_182056,GPS_GS : $GPGGA,092058.00,,,,,0,00,99.99,,,,,,*60
250801_182057,GPS_GS : $GPRMC,092059.00,V,,,,,,,010825,,,N*74
250801_182057,GPS_GS : $GPGGA,092059.00,,,,,0,00,99.99,,,,,,*61
250801_182058,GPS_GS : $GPRMC,092100.00,V,,,,,,,010825,,,N*79
250801_182058,GPS_GS : $GPGGA,092100.00,,,,,0,00,99.99,,,,,,*6C
250801_182059,GPS_GS : $GPRMC,092101.00,V,,,,,,,010825,,,N*78
250801_182059,GPS_GS : $GPGGA,092101.00,,,,,0,00,99.99,,,,,,*6D
250801_182100,GPS_GS : $GPRMC,092102.00,V,,,,,,,010825,,,N*7B
250801_182100,GPS_GS : $GPGGA,092102.00,,,,,0,00,99.99,,,,,,*6E
250801_182101,GPS_GS : $GPRMC,092103.00,V,,,,,,,010825,,,N*7A
250801_182101,GPS_GS : $GPGGA,092103.00,,,,,0,00,99.99,,,,,,*6F
250801_182102,GPS_GS : $GPRMC,092104.00,V,,,,,,,010825,,,N*7D
250801_182102,GPS_GS : $GPGGA,092104.00,,,,,0,00,99.99,,,,,,*68
250801_182103,GPS_GS : $GPRMC,092105.00,V,,,,,,,010825,,,N*7C
250801_182103,GPS_GS : $GPGGA,092105.00,,,,,0,00,99.99,,,,,,*69
250801_182104,GPS_GS : $GPRMC,092106.00,V,,,,,,,010825,,,N*7F
250801_182104,GPS_GS : $GPGGA,092106.00,,,,,0,00,99.99,,,,,,*6A
250801_182105,GPS_GS : $GPRMC,092107.00,V,,,,,,,010825,,,N*7E
250801_182105,GPS_GS : $GPGGA,092107.00,,,,,0,00,99.99,,,,,,*6B
250801_182106,GPS_GS : $GPRMC,092108.00,V,,,,,,,010825,,,N*71
250801_182106,GPS_GS : $GPGGA,092108.00,,,,,0,00,99.99,,,,,,*64
250801_182107,GPS_GS : $GPRMC,092109.00,V,,,,,,,010825,,,N*70
250801_182107,GPS_GS : $GPGGA,092109.00,,,,,0,00,99.99,,,,,,*65
250801_182108,GPS_GS : $GPRMC,092110.00,V,,,,,,,010825,,,N*78
250801_182108,GPS_GS : $GPGGA,092110.00,,,,,0,00,99.99,,,,,,*6D
250801_182109,GPS_GS : $GPRMC,092111.00,V,,,,,,,010825,,,N*79
250801_182109,GPS_GS : $GPGGA,092111.00,,,,,0,00,99.99,,,,,,*6C
250801_182110,GPS_GS : $GPRMC,092112.00,V,,,,,,,010825,,,N*7A
250801_182110,GPS_GS : $GPGGA,092112.00,,,,,0,00,99.99,,,,,,*6F
250801_182111,GPS_GS : $GPRMC,092113.00,V,,,,,,,010825,,,N*7B
250801_182111,GPS_GS : $GPGGA,092113.00,,,,,0,00,99.99,,,,,,*6E
250801_182112,GPS_GS : $GPRMC,092114.00,V,,,,,,,010825,,,N*7C
250801_182112,GPS_GS : $GPGGA,092114.00,,,,,0,00,99.99,,,,,,*69
250801_182113,GPS_GS : $GPRMC,092115.00,V,,,,,,,010825,,,N*7D
250801_182113,GPS_GS : $GPGGA,092115.00,,,,,0,00,99.99,,,,,,*68
250801_182114,GPS_GS : $GPRMC,092116.00,V,,,,,,,010825,,,N*7E
250801_182114,GPS_GS : $GPGGA,092116.00,,,,,0,00,99.99,,,,,,*6B
250801_182115,GPS_GS : $GPRMC,092117.00,V,,,,,,,010825,,,N*7F
250801_182115,GPS_GS : $GPGGA,092117.00,,,,,0,00,99.99,,,,,,*6A
250801_182116,GPS_GS : $GPRMC,092118.00,V,,,,,,,010825,,,N*70
250801_182116,GPS_GS : $GPGGA,092118.00,,,,,0,00,99.99,,,,,,*65
250801_182117,GPS_GS : $GPRMC,092119.00,V,,,,,,,010825,,,N*71
250801_182117,GPS_GS : $GPGGA,092119.00,,,,,0,00,99.99,,,,,,*64
250801_182118,GPS_GS : $GPRMC,092120.00,V,,,,,,,010825,,,N*7B
250801_182118,GPS_GS : $GPGGA,092120.00,,,,,0,00,99.99,,,,,,*6E
250801_182119,GPS_GS : $GPRMC,092121.00,V,,,,,,,010825,,,N*7A
250801_182119,GPS_GS : $GPGGA,092121.00,,,,,0,00,99.99,,,,,,*6F
250801_182120,GPS_GS : $GPRMC,092122.00,V,,,,,,,010825,,,N*79
250801_182120,GPS_GS : $GPGGA,092122.00,,,,,0,00,99.99,,,,,,*6C
250801_182121,GPS_GS : $GPRMC,092123.00,V,,,,,,,010825,,,N*78
250801_182121,GPS_GS : $GPGGA,092123.00,,,,,0,00,99.99,,,,,,*6D
250801_182122,GPS_GS : $GPRMC,092124.00,V,,,,,,,010825,,,N*7F
250801_182122,GPS_GS : $GPGGA,092124.00,,,,,0,00,99.99,,,,,,*6A
250801_182123,GPS_GS : $GPRMC,092125.00,V,,,,,,,010825,,,N*7E
250801_182123,GPS_GS : $GPGGA,092125.00,,,,,0,00,99.99,,,,,,*6B
250801_182124,GPS_GS : $GPRMC,092126.00,V,,,,,,,010825,,,N*7D
250801_182124,GPS_GS : $GPGGA,092126.00,,,,,0,00,99.99,,,,,,*68
250801_182125,GPS_GS : $GPRMC,092127.00,V,,,,,,,010825,,,N*7C
250801_182125,GPS_GS : $GPGGA,092127.00,,,,,0,00,99.99,,,,,,*69
250801_182126,GPS_GS : $GPRMC,092128.00,V,,,,,,,010825,,,N*73
250801_182126,GPS_GS : $GPGGA,092128.00,,,,,0,00,99.99,,,,,,*66
250801_182127,GPS_GS : $GPRMC,092129.00,V,,,,,,,010825,,,N*72
250801_182127,GPS_GS : $GPGGA,092129.00,,,,,0,00,99.99,,,,,,*67
250801_182128,GPS_GS : $GPRMC,092130.00,V,,,,,,,010825,,,N*7A
250801_182128,GPS_GS : $GPGGA,092130.00,,,,,0,00,99.99,,,,,,*6F
250801_182129,GPS_GS : $GPRMC,092131.00,V,,,,,,,010825,,,N*7B
250801_182129,GPS_GS : $GPGGA,092131.00,,,,,0,00,99.99,,,,,,*6E
250801_182130,GPS_GS : $GPRMC,092132.00,V,,,,,,,010825,,,N*78
250801_182130,GPS_GS : $GPGGA,092132.00,,,,,0,00,99.99,,,,,,*6D
250801_182131,GPS_GS : $GPRMC,092133.00,V,,,,,,,010825,,,N*79
250801_182131,GPS_GS : $GPGGA,092133.00,,,,,0,00,99.99,,,,,,*6C
250801_182132,GPS_GS : $GPRMC,092134.00,V,,,,,,,010825,,,N*7E
250801_182132,GPS_GS : $GPGGA,092134.00,,,,,0,00,99.99,,,,,,*6B
250801_182133,GPS_GS : $GPRMC,092135.00,V,,,,,,,010825,,,N*7F
250801_182133,GPS_GS : $GPGGA,092135.00,,,,,0,00,99.99,,,,,,*6A
250801_182134,GPS_GS : $GPRMC,092136.00,V,,,,,,,010825,,,N*7C
250801_182134,GPS_GS : $GPGGA,092136.00,,,,,0,00,99.99,,,,,,*69
250801_182135,GPS_GS : $GPRMC,092137.00,V,,,,,,,010825,,,N*7D
250801_182135,GPS_GS : $GPGGA,092137.00,,,,,0,00,99.99,,,,,,*68
250801_182136,GPS_GS : $GPRMC,092138.00,V,,,,,,,010825,,,N*72
250801_182136,GPS_GS : $GPGGA,092138.00,,,,,0,00,99.99,,,,,,*67
250801_182137,GPS_GS : $GPRMC,092139.00,V,,,,,,,010825,,,N*73
250801_182137,GPS_GS : $GPGGA,092139.00,,,,,0,00,99.99,,,,,,*66
250801_182138,GPS_GS : $GPRMC,092140.00,V,,,,,,,010825,,,N*7D
250801_182138,GPS_GS : $GPGGA,092140.00,,,,,0,00,99.99,,,,,,*68
250801_182139,GPS_GS : $GPRMC,092141.00,V,,,,,,,010825,,,N*7C
250801_182139,GPS_GS : $GPGGA,092141.00,,,,,0,00,99.99,,,,,,*69
250801_182140,GPS_GS : $GPRMC,092142.00,V,,,,,,,010825,,,N*7F
250801_182140,GPS_GS : $GPGGA,092142.00,,,,,0,00,99.99,,,,,,*6A
250801_182141,GPS_GS : $GPRMC,092143.00,V,,,,,,,010825,,,N*7E
250801_182141,GPS_GS : $GPGGA,092143.00,,,,,0,00,99.99,,,,,,*6B
250801_182142,GPS_GS : $GPRMC,092144.00,V,,,,,,,010825,,,N*79
250801_182142,GPS_GS : $GPGGA,092144.00,,,,,0,00,99.99,,,,,,*6C
250801_182143,GPS_GS : $GPRMC,092145.00,V,,,,,,,010825,,,N*78
250801_182143,GPS_GS : $GPGGA,092145.00,,,,,0,00,99.99,,,,,,*6D
250801_182144,GPS_GS : $GPRMC,092146.00,V,,,,,,,010825,,,N*7B
250801_182144,GPS_GS : $GPGGA,092146.00,,,,,0,00,99.99,,,,,,*6E
250801_182145,GPS_GS : $GPRMC,092147.00,V,,,,,,,010825,,,N*7A
250801_182145,GPS_GS : $GPGGA,092147.00,,,,,0,00,99.99,,,,,,*6F
250801_182146,GPS_GS : $GPRMC,092148.00,V,,,,,,,010825,,,N*75
250801_182146,GPS_GS : $GPGGA,092148.00,,,,,0,00,99.99,,,,,,*60
250801_182147,GPS_GS : $GPRMC,092149.00,V,,,,,,,010825,,,N*74
250801_182147,GPS_GS : $GPGGA,092149.00,,,,,0,00,99.99,,,,,,*61
250801_182148,GPS_GS : $GPRMC,092150.00,V,,,,,,,010825,,,N*7C
250801_182148,GPS_GS : $GPGGA,092150.00,,,,,0,00,99.99,,,,,,*69
250801_182149,GPS_GS : $GPRMC,092151.00,V,,,,,,,010825,,,N*7D
250801_182149,GPS_GS : $GPGGA,092151.00,,,,,0,00,99.99,,,,,,*68
250801_182150,GPS_GS : $GPRMC,092152.00,V,,,,,,,010825,,,N*7E
250801_182150,GPS_GS : $GPGGA,092152.00,,,,,0,00,99.99,,,,,,*6B
250801_182151,GPS_GS : $GPRMC,092153.00,V,,,,,,,010825,,,N*7F
250801_182151,GPS_GS : $GPGGA,092153.00,,,,,0,00,99.99,,,,,,*6A
250801_182152,GPS_GS : $GPRMC,092154.00,V,,,,,,,010825,,,N*78
250801_182152,GPS_GS : $GPGGA,092154.00,,,,,0,00,99.99,,,,,,*6D
250801_182153,GPS_GS : $GPRMC,092155.00,V,,,,,,,010825,,,N*79
250801_182153,GPS_GS : $GPGGA,092155.00,,,,,0,00,99.99,,,,,,*6C
250801_182154,GPS_GS : $GPRMC,092156.00,V,,,,,,,010825,,,N*7A
250801_182154,GPS_GS : $GPGGA,092156.00,,,,,0,00,99.99,,,,,,*6F
250801_182155,GPS_GS : $GPRMC,092157.00,V,,,,,,,010825,,,N*7B
250801_182155,GPS_GS : $GPGGA,092157.00,,,,,0,00,99.99,,,,,,*6E
250801_182156,GPS_GS : $GPRMC,092158.00,V,,,,,,,010825,,,N*74
250801_182156,GPS_GS : $GPGGA,092158.00,,,,,0,00,99.99,,,,,,*61
250801_182157,GPS_GS : $GPRMC,092159.00,V,,,,,,,010825,,,N*75
250801_182157,GPS_GS : $GPGGA,092159.00,,,,,0,00,99.99,,,,,,*60
250801_182158,GPS_GS : $GPRMC,092200.00,V,,,,,,,010825,,,N*7A
250801_182158,GPS_GS : $GPGGA,092200.00,,,,,0,00,99.99,,,,,,*6F
250801_182159,GPS_GS : $GPRMC,092201.00,V,,,,,,,010825,,,N*7B
250801_182159,GPS_GS : $GPGGA,092201.00,,,,,0,00,99.99,,,,,,*6E
250801_182200,GPS_GS : $GPRMC,092202.00,V,,,,,,,010825,,,N*78
250801_182200,GPS_GS : $GPGGA,092202.00,,,,,0,00,99.99,,,,,,*6D
250801_182201,GPS_GS : $GPRMC,092203.00,V,,,,,,,010825,,,N*79
250801_182201,GPS_GS : $GPGGA,092203.00,,,,,0,00,99.99,,,,,,*6C
250801_182202,GPS_GS : $GPRMC,092204.00,V,,,,,,,010825,,,N*7E
250801_182202,GPS_GS : $GPGGA,092204.00,,,,,0,00,99.99,,,,,,*6B
250801_182203,GPS_GS : $GPRMC,092205.00,V,,,,,,,010825,,,N*7F
250801_182203,GPS_GS : $GPGGA,092205.00,,,,,0,00,99.99,,,,,,*6A
250801_182204,GPS_GS : $GPRMC,092206.00,V,,,,,,,010825,,,N*7C
250801_182204,GPS_GS : $GPGGA,092206.00,,,,,0,00,99.99,,,,,,*69
250801_182205,GPS_GS : $GPRMC,092207.00,V,,,,,,,010825,,,N*7D
250801_182205,GPS_GS : $GPGGA,092207.00,,,,,0,00,99.99,,,,,,*68
250801_182206,GPS_GS : $GPRMC,092208.00,V,,,,,,,010825,,,N*72
250801_182206,GPS_GS : $GPGGA,092208.00,,,,,0,00,99.99,,,,,,*67
250801_182207,GPS_GS : $GPRMC,092209.00,V,,,,,,,010825,,,N*73
250801_182207,GPS_GS : $GPGGA,092209.00,,,,,0,00,99.99,,,,,,*66
250801_182208,GPS_GS : $GPRMC,092210.00,V,,,,,,,010825,,,N*7B
250801_182208,GPS_GS : $GPGGA,092210.00,,,,,0,00,99.99,,,,,,*6E
250801_182209,GPS_GS : $GPRMC,092211.00,V,,,,,,,010825,,,N*7A
250801_182209,GPS_GS : $GPGGA,092211.00,,,,,0,00,99.99,,,,,,*6F
250801_182210,GPS_GS : $GPRMC,092212.00,V,,,,,,,010825,,,N*79
250801_182210,GPS_GS : $GPGGA,092212.00,,,,,0,00,99.99,,,,,,*6C
250801_182211,GPS_GS : $GPRMC,092213.00,V,,,,,,,010825,,,N*78
250801_182211,GPS_GS : $GPGGA,092213.00,,,,,0,00,99.99,,,,,,*6D
250801_182212,GPS_GS : $GPRMC,092214.00,V,,,,,,,010825,,,N*7F
250801_182212,GPS_GS : $GPGGA,092214.00,,,,,0,00,99.99,,,,,,*6A
250801_182213,GPS_GS : $GPRMC,092215.00,V,,,,,,,010825,,,N*7E
250801_182213,GPS_GS : $GPGGA,092215.00,,,,,0,00,99.99,,,,,,*6B
